title,view_num,danmu,upload_time,up_author,video_url
粤菜必吃的八道家常菜，鲜香美味回味无穷,9.7万,,2023/9/8,饭饭教做菜,www.bilibili.com/video/BV1rh4y1v7MY?from=search
八大菜系 · 粤菜（合计100P）,19.4万,,2018/8/12,炸鸡桑,www.bilibili.com/video/BV15s411T7pq?from=search
广东粤菜姜葱鸡，肉嫩味美太好吃了粤菜,6.6万,,2023/2/20,樊先生美食分享美食,www.bilibili.com/video/BV1xs4y1h7uX?from=search
粤菜生蚝鸡煲，鸡肉超香，生蚝大大粒超鲜甜！天气冷就想吃煲仔菜！,84.8万,,2021/12/30,澳门厨房佬,www.bilibili.com/video/BV1tZ4y1D778?from=search
经典粤菜白灼鱿鱼，教大家切三丝，过年摆盘总要美美的。简单调味的白灼汁就能做出鲜味的鱿鱼,33.9万,,2022/1/7,澳门厨房佬,www.bilibili.com/video/BV19Y411a7Su?from=search
沙姜猪手，我称之为粤菜经典。澳门厨房佬觉得这个菜相当适合夏天,51.1万,,2022/4/12,澳门厨房佬,www.bilibili.com/video/BV1nT4y1Y7er?from=search
粤菜神仙做法，鲜嫩多汁，怎么吃都不够,1.3万,,2023/2/23,嘟嘟栗子酱,www.bilibili.com/video/BV14o4y1Y7cx?from=search
《大厨家常菜-粤菜》,5199,,2021/8/6,账号已注销,www.bilibili.com/video/BV16M4y157KU?from=search
粤菜“鱿鱼鲜虾煲”，天冷了吃上一锅热乎乎的，特幸福,30.1万,,2020/10/21,小武哥美食厨房,www.bilibili.com/video/BV1Ry4y1b7Ky?from=search
老牌粤菜酒楼-广州酒家｜真探来了,45.4万,,2021/12/29,真探来了,www.bilibili.com/video/BV1hq4y117VX?from=search
在广东鸡肉的做法有千百种，我认为最好吃的做法，就是沙姜葱油焖鸡了，又香又嫩～ #沙姜葱油鸡 #粤菜,12.3万,,2023/8/29,谁知盘中餐7,www.bilibili.com/video/BV1nj411273w?from=search
粤菜的文化,1619,,2022/5/19,中言真美爱,www.bilibili.com/video/BV18Y4y1z7Dk?from=search
【粤菜】八大菜系为首的粤菜打河基本功,1.8万,,2021/12/4,粤菜介绍,www.bilibili.com/video/BV1xq4y1z74f?from=search
广东白斩鸡，粤菜大厨教你做最正宗广东白斩鸡,7.2万,,2021/5/24,粤厨八哥,www.bilibili.com/video/BV1Eo4y117q6?from=search
吐血整理45家私藏老广粤菜，广州美食必打卡粤菜集,3.3万,,2023/9/13,大兵探店,www.bilibili.com/video/BV15k4y1w7LV?from=search
【大师的菜·干炒牛河】亚洲十大名厨亲掌勺，展现粤菜厨房克星“干炒牛河”，香气十足！,81.5万,,2019/4/23,大师的菜,www.bilibili.com/video/BV1Lb411G7BS?from=search
《粤菜密码》首发，揭秘广东菜为何如此好吃！,2241,,2021/10/24,广东卫视,www.bilibili.com/video/BV1yq4y1G7Bu?from=search
【粤菜】中国八大菜系之粤菜，粤菜十大代表菜上集，喜欢粤菜的朋友，看过来,7359,,2021/10/2,粤菜介绍,www.bilibili.com/video/BV1oL411W7gb?from=search
【粤菜】如果你来广东，这道广东特色菜，芥蓝炒牛肉是值得一吃的,3.1万,,2021/11/24,粤菜介绍,www.bilibili.com/video/BV1RR4y1x7Aa?from=search
一次性解锁三种粤式青菜的做法！蚝油生菜|豆豉鲮鱼油麦菜|上汤菠菜,63.5万,,2022/11/15,麦子小满kitchen,www.bilibili.com/video/BV14P4y1178z?from=search
菜谱-粤菜100道,1657,,2020/6/20,PQup,www.bilibili.com/video/BV1hK411n7pX?from=search
一次性解锁三种粤式青菜的做法！蚝油生菜|豆豉鲮鱼油麦菜|上汤菠菜,63.5万,,2022/11/15,麦子小满kitchen,www.bilibili.com/video/BV14P4y1178z?from=search
澳门厨房佬粤菜豉油鸡，酱香浓郁，满屋飘香！粉丝点菜！广东名菜！,47.7万,,2021/7/18,澳门厨房佬,www.bilibili.com/video/BV1Hf4y157xt?from=search
能代表粤菜的蔬菜做法，盐水菜心算一个。,1.2万,,2022/8/15,光头师傅美食,www.bilibili.com/video/BV1ue4y1f7qQ?from=search
粤菜五柳炸蛋：外焦里嫩，看着都香，酸甜开胃又营养，好吃不油腻,6.4万,,2020/7/26,我是马小坏,www.bilibili.com/video/BV1YK411J7eH?from=search
北京饭店粤菜泰斗康辉-豆豉青椒炒牛肉,2.4万,,2023/9/11,城故北199,www.bilibili.com/video/BV1f34y1N743?from=search
【大师的菜·煎虾饼】在家也能自制的广式点心—虾饼，弹牙爽口，粤菜大厨步步教做！,38.0万,,2019/5/3,大师的菜,www.bilibili.com/video/BV1f441147pf?from=search
粤菜生啫鸡煲的做法，鲜嫩美味够锅气，跟在饭店吃的一样香,11.7万,,2020/8/1,美食一线陈仔,www.bilibili.com/video/BV1Tp4y1q79j?from=search
粤菜里面的蜜汁烧排骨，在家做其实也是很简单的，你们这次一定能学会,96.7万,,2021/11/5,澳门厨房佬,www.bilibili.com/video/BV13f4y1u7sQ?from=search
粤菜菜谱大全烹饪视频教程,7519,,2019/4/6,Selfemancipation,www.bilibili.com/video/BV1Tb41137V2?from=search
已经吃不到的口福鸡！乐哥带你重拾逝去的粤菜经典味道！,420.3万,,2022/6/26,厨师徐嘉乐,www.bilibili.com/video/BV1yN4y1u7BE?from=search
整鸡去皮，酿入虾胶，这是粤菜巅峰之作江南百花鸡,44.0万,,2022/5/31,唐师傅炒菜爱放糖,www.bilibili.com/video/BV1a341137fw?from=search
【品城记】东莞│又被我们挖到一家东莞的宝藏小店！几道独创的粤菜全都做得有滋有味！,14.8万,,2020/9/14,品城记本地版,www.bilibili.com/video/BV1DA411E7tB?from=search
味‧道 - 粤菜,9153,,2019/6/8,MeowFET,www.bilibili.com/video/BV1T4411T7tq?from=search
广东必学的家常菜之一！粉丝吸收整道菜的精华！细节都教你了，这个虾米节瓜粉丝煲你没理由不会！#粤菜 #厨师 #粉丝煲,46.4万,,2023/9/1,厨师徐嘉乐,www.bilibili.com/video/BV1H94y147HM?from=search
"咕嚕肉，也可以稱為古老肉、是一道粵菜，在马来西亚，古老肉是最普遍的美食之一, 男女老幼都爱吃！到餐馆常常会点这道古老肉用餐，甜中带点酸味让人特别开胃！",4.1万,,2021/9/23,表弟好煮意,www.bilibili.com/video/BV1w34y1D76m?from=search
粤菜名酱之一的“煲仔酱”，适合烹饪任何鸡鸭鹅等肉类。大厨今天毫无保留分享给大家,5140,,2023/8/29,广东仔一鸡昌,www.bilibili.com/video/BV1yh4y127qc?from=search
【综艺】粤菜好师傅 第二季(2022)[11集] 好看又好玩的粤菜美食厨艺大赏,3734,,2022/10/18,熊猫大侠阿,www.bilibili.com/video/BV17P411N7XJ?from=search
【品城记】爱了！这家粤菜就是广东人熟悉的味道！姜油浸蛙真的特别！,17.8万,,2023/1/27,品城记本地版,www.bilibili.com/video/BV1q84y177Wr?from=search
粤菜南乳排骨的懒人做法，看着都香，配点小酒太解馋了,4.0万,,2020/6/16,我是马小坏,www.bilibili.com/video/BV1ii4y1x71e?from=search
整鸡去皮，酿入虾胶，这是粤菜巅峰之作江南百花鸡,44.0万,,2022/5/31,唐师傅炒菜爱放糖,www.bilibili.com/video/BV1a341137fw?from=search
见红不见血，这才是粤菜白切鸡的传统做法,5.4万,,2022/4/7,唐师傅炒菜爱放糖,www.bilibili.com/video/BV1Y94y1Z7jj?from=search
粤菜白灼大虾，马上过年了，澳门厨房佬教你这个简单的白灼汁做法，点大虾鲜甜又美味,40.7万,,2022/1/1,澳门厨房佬,www.bilibili.com/video/BV1Sr4y1m7zF?from=search
粤菜里面的蜜汁烧排骨，在家做其实也是很简单的，你们这次一定能学会,96.7万,,2021/11/5,澳门厨房佬,www.bilibili.com/video/BV13f4y1u7sQ?from=search
久违的经典怀旧粤菜大集合！传统粤式老味道叫人难忘，越秀这家不起眼街坊餐厅有两下子,8.7万,,2023/4/22,毛毛美食指南,www.bilibili.com/video/BV1rT411n7N2?from=search
粤菜的经典名菜,455,,2022/5/18,中言真美爱,www.bilibili.com/video/BV1eY4y1t78M?from=search
广东常见的一道经典粤菜‘豉油鸡’记住这个配方，学会就可以开店,19.8万,,2021/8/10,梁福来,www.bilibili.com/video/BV15o4y1D7wH?from=search
【品城记】东莞│又被我们挖到一家东莞的宝藏小店！几道独创的粤菜全都做得有滋有味！,14.8万,,2020/9/14,品城记本地版,www.bilibili.com/video/BV1DA411E7tB?from=search
经典粤菜菠萝咕咾肉，梦回1980，酸甜适中，酥脆可口！,13.1万,,2020/12/29,老饭骨品牌,www.bilibili.com/video/BV1Ha4y1p7vY?from=search
中国八大菜系之粤菜，粤菜十大名菜，您知道几个？又吃过几个？,7902,,2021/12/27,粤菜介绍,www.bilibili.com/video/BV1kL4y1n7ka?from=search
粤点粤菜粤精彩，三分钟蒸鸡，顺德大厨手把手教你做蒸鸡，粤语中字幕,3.2万,,2022/12/19,Amy爱你的每一天,www.bilibili.com/video/BV1ER4y167yS?from=search
粤菜厨师长教你做一道“姜葱炒蟹”，味道非常正宗,30.8万,,2019/7/20,主厨农国栋,www.bilibili.com/video/BV1xt411n7Pi?from=search
大湾区经典菜豉油鸡，粤菜老师傅是这样子做的,5.8万,,2022/3/24,唐师傅炒菜爱放糖,www.bilibili.com/video/BV1f44y1N7No?from=search
一开盖满屋飘香的生蚝鸡煲，鸡肉鲜香嫩滑，生蚝肥美。 #生蚝鸡煲 #粤菜 #妈呀太香啦,1.6万,,2023/9/18,谁知盘中餐7,www.bilibili.com/video/BV1oC4y1f7d7?from=search
原来正宗粤菜这么好吃！韩国小哥在中国刷新之前粤菜体验,60.1万,,2023/7/14,Iam小方,www.bilibili.com/video/BV1Pj411f7Eo?from=search
粤菜大厨教你一道“砂锅鱼头”，记住这3点做出鲜.嫩.滑的鱼头煲,23.0万,,2019/7/26,主厨农国栋,www.bilibili.com/video/BV1Zt411j7w6?from=search
味‧道 - 粤菜,9153,,2019/6/8,MeowFET,www.bilibili.com/video/BV1T4411T7tq?from=search
越秀二十多年的实惠街坊粤菜，招牌脆皮大肠堪称经典，菜价平均三四十平靓正到家,12.3万,,2022/3/30,毛毛美食指南,www.bilibili.com/video/BV1TZ4y1z7XJ?from=search
广东粤菜经典酱油鸡，记住这个做法，皮爽肉滑鲜香入味，简单家常,3.6万,,2021/11/4,尬瓜美食厨房,www.bilibili.com/video/BV1g44y1i7uu?from=search
来上海不吃本帮菜，粤菜才是真一绝！,11.0万,,2021/8/9,本人曲献平,www.bilibili.com/video/BV1sb4y1z7VP?from=search
越秀二十多年的实惠街坊粤菜，招牌脆皮大肠堪称经典，菜价平均三四十平靓正到家,12.3万,,2022/3/30,毛毛美食指南,www.bilibili.com/video/BV1TZ4y1z7XJ?from=search
广东粤菜经典酱油鸡，记住这个做法，皮爽肉滑鲜香入味，简单家常,3.6万,,2021/11/4,尬瓜美食厨房,www.bilibili.com/video/BV1g44y1i7uu?from=search
大厨分享粤菜“XO酱海皇粉丝煲”一看就会、非常简单,14.7万,,2019/6/30,主厨农国栋,www.bilibili.com/video/BV1Nx411R7My?from=search
粤菜-豉汁啫啫粉肠煲，粤港澳惹味家常菜。喜欢吃的真的可以试一试！,9.6万,,2022/3/15,澳门厨房佬,www.bilibili.com/video/BV1JS4y1D7kp?from=search
【大师的菜·叉烧包】粤菜“点心四宝”之王—叉烧包，粤菜大厨教你做，早茶必备！,23.6万,,2019/11/1,大师的菜,www.bilibili.com/video/BV1iE411879o?from=search
【品城记in深圳】在深圳做了半年节目，这家店被姚大秋认证为最好吃的粤菜馆！,11.1万,,2019/3/29,品城记Video,www.bilibili.com/video/BV1yb411x7Q5?from=search
来上海不吃本帮菜，粤菜才是真一绝！,11.0万,,2021/8/9,本人曲献平,www.bilibili.com/video/BV1sb4y1z7VP?from=search
【品城记】爱了！这家粤菜就是广东人熟悉的味道！姜油浸蛙真的特别！,17.8万,,2023/1/27,品城记本地版,www.bilibili.com/video/BV1q84y177Wr?from=search
粤菜啫啫鸡煲大家经常去外面都喜欢点来吃，在家用电饭煲就能做了，很下饭！,12.2万,,2021/9/26,澳门厨房佬,www.bilibili.com/video/BV1uL411471w?from=search
粤菜白灼鲍鱼，年夜菜的第三道菜来了，年夜饭少不了的鲍鱼，简单的做法就很鲜味了！,8.0万,,2022/1/3,澳门厨房佬,www.bilibili.com/video/BV1gS4y1T7cS?from=search
被誉为天下第一菜的“佛跳墙”，粤菜师傅用15天时间炮制而成,562.8万,,2019/7/21,主厨农国栋,www.bilibili.com/video/BV1qt411E7Wb?from=search
广东名菜《啫啫煲》新东方教不了粤菜的原因，根本没有这等魄力,4.9万,,2021/11/15,宇宙在手命不由天,www.bilibili.com/video/BV1wL4y1i7y6?from=search
那些接地气的粤菜老广饭堂，我的广州美食地图，第三集。,25.7万,,2023/1/20,NAV看广州B站版,www.bilibili.com/video/BV1Dd4y1p75s?from=search
在家就可以复刻粤菜经典菜式咸鱼茄子煲，超级下饭又美味，不要一锅油也不要水汪汪,8.3万,,2023/5/25,小喵粑粑,www.bilibili.com/video/BV1Rs4y1q7aH?from=search
手把手教你做，粤菜万能豉油皇，豉油皇在手，让你秒变粤菜大厨,3.0万,,2023/7/11,Amy爱你的每一天,www.bilibili.com/video/BV1sh4y1Z7PW?from=search
N刷鉴定天河最平靓正的街坊粤菜馆，菜式出品传统地道且量大价平，真的是天河少有,27.2万,,2021/12/17,毛毛美食指南,www.bilibili.com/video/BV1fR4y1p7Bk?from=search
大厨分享一道粤菜经典“干炒牛河”，被誉为最考厨师功夫的一道菜,70.4万,,2019/5/27,主厨农国栋,www.bilibili.com/video/BV1K4411s7qn?from=search
【粤菜】八大菜系你中意哪个,4298,,2021/10/2,粤菜介绍,www.bilibili.com/video/BV1CP4y1b7xu?from=search
久违的高质量传统粤菜，花都这家粤菜馆吃到了对正统粤菜精髓的坚持，出品用心意犹未尽,26.9万,,2021/11/9,毛毛美食指南,www.bilibili.com/video/BV1sb4y187jH?from=search
【大师的菜·脆皮烧鸡】广东脆皮烧鸡征服万千食客，三步腌制缺一不可，粤菜名厨教你做！,24.5万,,2019/6/21,大师的菜,www.bilibili.com/video/BV1Y441137iS?from=search
广东名菜《啫啫煲》新东方教不了粤菜的原因，根本没有这等魄力,4.9万,,2021/11/15,宇宙在手命不由天,www.bilibili.com/video/BV1wL4y1i7y6?from=search
大厨分享广东经典粤菜“生炒菜心”家常炒制教程，饭桌怎能少了它,21.3万,,2019/5/29,主厨农国栋,www.bilibili.com/video/BV1t4411W7Hw?from=search
别说00后了，90后都没几个人吃过这道怀旧粤菜！,15.5万,,2022/11/18,厨师徐嘉乐,www.bilibili.com/video/BV1Sd4y1b71L?from=search
广东人因为太穷了，所以导致粤菜上不了国宴！,30.5万,,2023/4/14,肥总驾到,www.bilibili.com/video/BV1ok4y1Y7Sx?from=search
"粤菜经典的豆豉鲮鱼油麦菜,好下饭啊！",29.9万,,2022/11/16,开饭啦小志,www.bilibili.com/video/BV1mt4y1N7Dc?from=search
你是“蒸”广东人吗？2022了谁说粤菜做鱼只会清蒸？,135.5万,,2022/1/15,厨师徐嘉乐,www.bilibili.com/video/BV1sL4y1474Y?from=search
N刷鉴定天河最平靓正的街坊粤菜馆，菜式出品传统地道且量大价平，真的是天河少有,27.2万,,2021/12/17,毛毛美食指南,www.bilibili.com/video/BV1fR4y1p7Bk?from=search
大厨花5天时间只为制作一道粤菜“鲍鱼”，美味需要时间沉淀,88.7万,,2019/6/28,主厨农国栋,www.bilibili.com/video/BV1Vx411d7Am?from=search
久违的高质量传统粤菜，花都这家粤菜馆吃到了对正统粤菜精髓的坚持，出品用心意犹未尽,26.9万,,2021/11/9,毛毛美食指南,www.bilibili.com/video/BV1sb4y187jH?from=search
【大师的菜·脆皮烧鸡】广东脆皮烧鸡征服万千食客，三步腌制缺一不可，粤菜名厨教你做！,24.5万,,2019/6/21,大师的菜,www.bilibili.com/video/BV1Y441137iS?from=search
本地人才知道的老牌粤菜，据说是广州第一啫煲，独栋楼房挤满食客,5.1万,,2023/5/26,大兵探店,www.bilibili.com/video/BV1sh411c7pg?from=search
粤菜大厨分享酒店-啫啫酱，只要下5克即可让所有砂锅菜升级,26.6万,,2019/7/19,主厨农国栋,www.bilibili.com/video/BV1Mt411n7Yx?from=search
粤菜,1731,,2018/5/25,发情的秀太,www.bilibili.com/video/BV1Wp411R7i9?from=search
在上海造价148亿的大厦吃“最贵粤菜 ”经费在燃烧！1388/位,74.7万,,2020/9/28,张喜喜-,www.bilibili.com/video/BV1TA411J7eG?from=search
顶级名厨演绎极品食材，难得一见的古法粤菜！,43.8万,,2022/12/10,渣叔爱酒,www.bilibili.com/video/BV1bK41167nj?from=search
藏在天河中心区极具烟火气的街坊粤菜，出品相当地道价格远脱离天河水平，是家宝藏小店,14.4万,,2022/4/25,毛毛美食指南,www.bilibili.com/video/BV16Y4y187Xd?from=search
粤菜经典“姜葱爆生鱼片”秘诀！鱼片不散，鲜嫩爽滑，绝了！,9.9万,,2021/6/19,补王张小厨,www.bilibili.com/video/BV1mU4y157JU?from=search
八大菜系-粤菜,7207,,2018/9/1,FlatMaicc,www.bilibili.com/video/BV1iW411f7i7?from=search
换种方法做#鸡煲 鲜香味甜！#一只鸡的百种做法 #粤菜,3089,,2023/9/20,Lookocherry大徐,www.bilibili.com/video/BV16P411b7ry?from=search
经典粤菜，又香又入味蜜汁小排，它可是农师傅从厨学的第一个招牌菜,27.2万,,2023/6/15,主厨农国栋,www.bilibili.com/video/BV1214y1S71f?from=search
广东粤菜农庄，顺德名菜酿鲮鱼，烧鹅皮脆肉嫩，阿星吃广式煎堆,17.7万,,2020/11/13,阿星探店,www.bilibili.com/video/BV1r54y1z7Qv?from=search
粤菜白灼鲍鱼，年夜菜的第三道菜来了，年夜饭少不了的鲍鱼，简单的做法就很鲜味了！,8.0万,,2022/1/3,澳门厨房佬,www.bilibili.com/video/BV1gS4y1T7cS?from=search
粤菜中公认的十大名菜，你吃过几道,8301,,2022/7/5,小融吃吃吃,www.bilibili.com/video/BV17S4y1n76i?from=search
鱼还在清蒸？经典粤菜蒸麒麟鱼，滑嫩无比，那叫一个香~,39.7万,,2022/1/11,老饭骨,www.bilibili.com/video/BV1SY41187yP?from=search
广州也太好吃了吧！从糖水小吃到粤菜大餐，食在广州不得不服,6.6万,,2023/2/21,主厨广坦,www.bilibili.com/video/BV1Mx4y1F7qm?from=search
想吃耗油菜心，不用再去粤菜馆，在家只需三分钟，家常做法超简单,3.8万,,2020/12/27,天天相见厨房,www.bilibili.com/video/BV14p4y1B7LW?from=search
还原经典老粤菜，鲜爽弹滑！好吃又好看，味道叫一绝~丨百花酿带子,40.2万,,2023/3/30,老饭骨,www.bilibili.com/video/BV1ws4y1n7xp?from=search
本地人才知道的老牌粤菜，据说是广州第一啫煲，独栋楼房挤满食客,5.1万,,2023/5/26,大兵探店,www.bilibili.com/video/BV1sh411c7pg?from=search
【粤菜】八大菜系你中意哪个,4298,,2021/10/2,粤菜介绍,www.bilibili.com/video/BV1CP4y1b7xu?from=search
粤菜经典“沙姜白切猪手”！撑握秘诀，Q弹爽口，夏天开胃神菜,7.7万,,2022/7/8,补王张小厨,www.bilibili.com/video/BV1AV4y1n7Bs?from=search
粤菜里历史悠久的名肴“鱼腐”你吃过吗，家常版的做法教给大家,26.1万,,2020/10/16,主厨农国栋,www.bilibili.com/video/BV1pa4y1L7iP?from=search
粤菜泰斗来袭！带你解锁什么是最正宗的豉油王【玫瑰豉油鸡】,4.6万,,2021/6/20,厨邦大师开饭,www.bilibili.com/video/BV1iK4y1u7PS?from=search
粤菜大厨分享广东人的最爱“萝卜牛腩煲”正宗做法，你不学吗？,18.3万,,2019/3/21,打靶鬼vIog,www.bilibili.com/video/BV1Wb411J7we?from=search
经典粤菜，又香又入味蜜汁小排，它可是农师傅从厨学的第一个招牌菜,27.2万,,2023/6/15,主厨农国栋,www.bilibili.com/video/BV1214y1S71f?from=search
比咸猪手更好吃的南乳黄豆猪手 广东经典粤菜 ，强筋骨，营养好，红润酥软，好下饭,4.4万,,2021/10/24,小喵粑粑,www.bilibili.com/video/BV1dL411g7PY?from=search
谁能抵挡咸鱼煎肉饼的美味 下饭神器#家常菜 #粤菜 #下饭菜,6793,,2023/2/12,Lookocherry大徐,www.bilibili.com/video/BV1kx4y1L7hQ?from=search
【品城记】“我们想做自己独有味道的粤菜！” 升级后的小查楼，凭什么这么说？,13.6万,,2022/9/29,品城记本地版,www.bilibili.com/video/BV1ig411e7tj?from=search
中国哪个菜系最受欢迎？川菜/粤菜/湘菜/苏菜/鲁菜/浙菜【数据可视化】,24.9万,,2020/5/13,_江之岛盾子_,www.bilibili.com/video/BV1op4y1Q7zv?from=search
顶级名厨演绎极品食材，难得一见的古法粤菜！,43.8万,,2022/12/10,渣叔爱酒,www.bilibili.com/video/BV1bK41167nj?from=search
成都不多见的高品质粤菜自助，99元一位随便吃，原材料好，出品超预期，强烈推荐！!,26.8万,,2022/8/18,馒头叔叔就是大馒头,www.bilibili.com/video/BV1jg411r7C7?from=search
教你横行大排档的经典粤菜。很简单，但真的很好吃。啤酒小烧烤 再来一锅粉丝煲，绝了！,6.2万,,2021/6/17,小曲和小五,www.bilibili.com/video/BV1h44y1B7AG?from=search
耗时8小时！做出似薯片皮脆的烤乳猪！所有细节和配方，粤菜泰斗利老师带你一探究竟！,74.6万,,2022/7/23,厨邦大师开饭,www.bilibili.com/video/BV1vF411P7yY?from=search
广州传承40多年的老字号粤菜馆，专注怀旧点心，人气爆满,6.8万,,2023/2/13,广州吃货Video,www.bilibili.com/video/BV1c84y1p7sm?from=search
越秀超实惠的街坊粤菜馆，178居然就可以吃到6个菜难怪街坊都坐满，招牌烧鹅更是靓,16.3万,,2021/11/30,毛毛美食指南,www.bilibili.com/video/BV1UM4y1P7Cn?from=search
怎样才叫顶级私房粤菜？天河这家私房餐厅几乎全是少见的顶级粤菜，老广吃过都难忘,22.5万,,2021/7/3,毛毛美食指南,www.bilibili.com/video/BV1c54y1p7NP?from=search
经典粤菜鲍汁捞饭太鲜美了，其实做法很简单！,3.5万,,2023/6/23,南木Cooking,www.bilibili.com/video/BV1su41187gm?from=search
咸鱼蒸肉饼是一道经典的粤菜，可能都会做，但要做好是要技巧的哦,6.3万,,2023/4/13,主厨农国栋,www.bilibili.com/video/BV1VV4y1Z7cL?from=search
广州65元一位的粤菜自助！免茶位还有生蚝刺身？真的好吃吗？,13.4万,,2023/2/21,一支小皮皮,www.bilibili.com/video/BV1c84y1H75G?from=search
杭州城里高性价比的粤菜馆，我终于找到了一份好吃满意的叉烧肉！,2.7万,,2023/8/3,我爸老郑,www.bilibili.com/video/BV1Jk4y1g7oQ?from=search
老广们的饭堂！藏在广州天桥底下的老字号粤菜馆，人均不到40,17.5万,,2022/3/15,广州吃货Video,www.bilibili.com/video/BV1Nu411z7RL?from=search
换种方法做#鸡煲 鲜香味甜！#一只鸡的百种做法 #粤菜,3089,,2023/9/20,Lookocherry大徐,www.bilibili.com/video/BV16P411b7ry?from=search
又吃到好吃的脆皮炸大肠！荔湾龙津老牌街坊粤菜，整体出品不错价格实在,5.5万,,2023/6/24,毛毛美食指南,www.bilibili.com/video/BV1Qg4y1P7Dh?from=search
茄子不用油炸一样好味？咸鱼茄子煲，还得看粤菜师傅怎么做！,29.8万,,2022/10/6,厨师徐嘉乐,www.bilibili.com/video/BV1Be411j7Ur?from=search
能把干炒牛河做到色香味俱全的厨师，才是一个好的粤菜厨师,35.6万,,2020/12/30,主厨农国栋,www.bilibili.com/video/BV1tv411t7hi?from=search
广州这家酒楼，竟能吃到80年代的粤菜味道！,2541,,2023/9/19,Jira蚂蚁觅食,www.bilibili.com/video/BV1394y1p7XA?from=search
发现一家全都是老广在吃的老牌粤菜馆，十分低调但出品却不赖。少有饭店还在做的深井烧鹅，值得一试！真的好香，就是吃多腻！早茶出品也很不错！,3140,,2023/9/11,NeiNei_旅行日记,www.bilibili.com/video/BV18z4y1j7gX?from=search
广州｜员村饭堂3.0～ 37年粤菜老字号 吉利食店｜自费干饭,7135,,2023/9/2,喂食猫大土豆,www.bilibili.com/video/BV1Fu411P7ja?from=search
【中華料理】脆皮烧肉 皮脆肉嫩粤菜好风味,22.9万,,2017/11/22,梧桐的美麗世界,www.bilibili.com/video/BV1kx411V7Hy?from=search
长见识了，绝大部分人都没吃过的，近乎失传的传统粤菜,7.4万,,2023/6/12,大兵探店,www.bilibili.com/video/BV1mu411Y7ff?from=search
在上海造价148亿的大厦吃“最贵粤菜 ”经费在燃烧！1388/位,74.7万,,2020/9/28,张喜喜-,www.bilibili.com/video/BV1TA411J7eG?from=search
八大菜系之--粤菜,785,,2023/2/25,嘚叭美食,www.bilibili.com/video/BV1Es4y187YR?from=search
长见识了，绝大部分人都没吃过的，近乎失传的传统粤菜,7.4万,,2023/6/12,大兵探店,www.bilibili.com/video/BV1mu411Y7ff?from=search
海珠四十年街坊粤菜，为了这道经典炸大肠愿意专门来吃，肥肠爱好者尤其推荐试试,10.8万,,2022/5/1,毛毛美食指南,www.bilibili.com/video/BV1hu411C7HZ?from=search
【梅菜扣肉】粤菜经典，肥而不腻 入口即化,5.8万,,2023/8/21,厨房仔小李,www.bilibili.com/video/BV1pp4y1K71N?from=search
大厨分享一道经典粤菜-“桂花炒翅”，色泽金黄干香扑鼻，收藏了,10.3万,,2019/5/18,主厨农国栋,www.bilibili.com/video/BV1B441177ou?from=search
万万没想到！广东十大名菜竟是这些！堪称人间美味！粤菜经典！来广东必吃美食！吃货们千万不要错过！快来看看有你吃过的几种粤菜？另附广东十大经典名菜排行榜完整榜单！,2550,,2023/6/26,子弹头计划,www.bilibili.com/video/BV1uu411h7rp?from=search
【品城记】过桥石斑鱼、干逼小青龙、“糖心”乳鸽……能把粤菜做到既有创意又味道超群，就问你服不服？,18.8万,,2021/5/25,品城记本地版,www.bilibili.com/video/BV1cA41137wY?from=search
高质量的地道传统粤菜是怎么样的？花都这家老牌粤菜酒楼吃到了原汁原味的正统粤菜,18.4万,,2021/8/7,毛毛美食指南,www.bilibili.com/video/BV1Bf4y1V7jJ?from=search
这该死的老牌街坊粤菜，真的令我欲罢不能，太好吃啦,3.9万,,2023/7/4,大兵探店,www.bilibili.com/video/BV1kP411e79U?from=search
非常美味一道粤菜豆腐火腩，外焦里嫩，再来点汤汁捞饭，正啊！,29.2万,,2021/9/29,主厨农国栋,www.bilibili.com/video/BV1KP4y187cD?from=search
这个酸甜开胃的经典粤菜有人吃过吗？乐哥担保不翻车！夏天快到了，在家学起来！,19.2万,,2022/4/8,厨师徐嘉乐,www.bilibili.com/video/BV1X44y1V7Bw?from=search
【品城记】让大秋吃平靓正的街坊饭堂，合适吗？不过这家传闻白云区很火的粤菜馆确实抵食！,18.7万,,2022/8/27,品城记本地版,www.bilibili.com/video/BV1RV4y1W7mf?from=search
大厨教你做粤菜名点-糯米鸡，入口软糯鲜甜，108道吃鸡做法第五期,29.9万,,2019/6/22,主厨农国栋,www.bilibili.com/video/BV1g4411u7re?from=search
粤菜酒店爆款菜“啫啫猪肝煲“，10分钟完成，鲜嫩爽滑香一锅全有,23.0万,,2019/8/7,主厨农国栋,www.bilibili.com/video/BV1et411T7ew?from=search
似鸡不是鸡，江南百花鸡，致敬即将失传的百年经典粤菜,17.7万,,2023/4/27,厨师徐嘉乐,www.bilibili.com/video/BV1dV4y1o7CW?from=search
佛山百年历史粤菜酒楼，菜价极其亲民饭点街坊满坐，出品整体还行性价比很高,8.5万,,2022/7/3,毛毛美食指南,www.bilibili.com/video/BV1KU4y1D7s1?from=search
广州超实惠宝藏粤菜！东北级别的超大菜量，帅小伙嘎嘎下饭！,7.3万,,2023/9/12,赤赤吃啥呢,www.bilibili.com/video/BV1TH4y1Q7gi?from=search
广州少有的南雄土菜馆，南雄妹子说吃到了很地道的家乡味道，原来粤菜也有这么辣的！,5.2万,,2022/4/16,毛毛美食指南,www.bilibili.com/video/BV1qY411j7op?from=search
【品城记】广州︱番禺最老牌的粤菜馆果然名不虚传，有一半的菜式要按人头来计价！,10.8万,,2018/7/12,品城记Video,www.bilibili.com/video/BV17s411H73Y?from=search
让我看看在广东这句话多少人听过？乐哥给你带来区别于传统粤菜做法的脆皮叉烧！,20.9万,,2022/2/21,厨师徐嘉乐,www.bilibili.com/video/BV1wi4y127qi?from=search
经典粤菜海鲜玉米羹，味道很棒且消暑解腻，这天气来上一份，舒服,4.3万,,2023/6/14,主厨农国栋,www.bilibili.com/video/BV1SM4y1J7JX?from=search
八大菜系谁第一？川菜鲁菜粤菜淮扬菜,7.9万,,2023/1/28,小黑诸鸣,www.bilibili.com/video/BV1d3411R7LE?from=search
白天鹅—被称为广州粤菜天花板的白天鹅，老魏带你们一探究竟,26.5万,,2023/1/29,特厨魏味-,www.bilibili.com/video/BV1dD4y1E7Xz?from=search
粤点粤菜粤精彩，佛山三水地区无人不知晓，烧鹅专门店，和烧鹅行家去试烧鹅，酒香不怕巷子深，粤语中字幕,1.4万,,2022/9/1,Amy爱你的每一天,www.bilibili.com/video/BV1iG411572V?from=search
【粤菜】400一份的煲仔饭，见识了！,2.5万,,2021/10/19,粤菜介绍,www.bilibili.com/video/BV1xq4y1G7Zr?from=search
【品城记】来番禺传统水乡，吃顿传统粤菜！南粤厨王做的烧鹅，猫哥和大秋觉得如何？,13.5万,,2022/9/3,品城记本地版,www.bilibili.com/video/BV1Ke41137F2?from=search
在日本享受30多年的粤菜厨师的味道！,14.7万,,2021/11/20,山下智博,www.bilibili.com/video/BV1XS4y197ZV?from=search
酒店热销粤菜NO.1“鲍汁豆腐”，香味香出三条街，包你食过返寻味,38.8万,,2020/5/30,主厨农国栋,www.bilibili.com/video/BV1kv411z7n3?from=search
这些老牌街坊粤菜，才是“食在广州”的中流砥柱,3.1万,,2023/6/17,大兵探店,www.bilibili.com/video/BV1Km4y1i7MG?from=search
本广东人打满分！上海￥138一位早茶粤菜川菜自助，虾饺无限，创新菜品称绝,21.9万,,2023/7/24,鱼子酱就酱-,www.bilibili.com/video/BV1qu4y1U7WM?from=search
十五年的地道老广饭堂，十分低调却出品优秀，汤品尤其出色，是回头了无数次的特色粤菜馆子。,4.8万,,2023/1/1,NAV看广州B站版,www.bilibili.com/video/BV1C3411U7v1?from=search
在上海298元吃到粤菜顶级大厨烧的东星斑！！味道感人,2.3万,,2023/9/2,辣椒很挑,www.bilibili.com/video/BV1cu411P7PN?from=search
粤菜系列：咸鱼茄子煲的做法，先点赞收藏,6.3万,,2023/4/7,游厨冯马迁,www.bilibili.com/video/BV13V4y1D7XR?from=search
粤菜名点，陈皮牛肉丸，跟着七姨做不翻车,3.8万,,2023/9/11,顺德七姨,www.bilibili.com/video/BV1fu411w72B?from=search
台北40年超平价粤菜绝版菜色连五年夺必比登,1.1万,,2023/5/15,美食运输大队长,www.bilibili.com/video/BV1ZT411t7Ru?from=search
北京最专一的粤菜20年只做啫啫，老板说再不火就不想干了,8.3万,,2020/12/11,无所尉吃什么,www.bilibili.com/video/BV1cV411h7ZF?from=search
人均124元的广州百年粤菜馆子，草莓叉烧海胆凤眼饺有颜有料！菜品整体都不错~,33.7万,,2023/6/29,温油辣辣U,www.bilibili.com/video/BV1Fu411b7yd?from=search
顶级米其林餐厅！澳门封顶三星的粤菜是否名副其实？【澳门之行】,2.1万,,2023/3/27,加齐ghazi,www.bilibili.com/video/BV1mN411K7ay?from=search
广州星级创意粤菜开盲盒，尝尝怎么样？,32.9万,,2023/9/18,JASON刘雨鑫,www.bilibili.com/video/BV1UV411w7zd?from=search
荔湾很实惠的老牌街坊粤菜，招牌清平鸡皮脆肉劲，还有几道独家特色菜也很不错,8.1万,,2022/5/22,毛毛美食指南,www.bilibili.com/video/BV1NA4y1Z7oM?from=search
让我看看在广东这句话多少人听过？乐哥给你带来区别于传统粤菜做法的脆皮叉烧！,20.9万,,2022/2/21,厨师徐嘉乐,www.bilibili.com/video/BV1wi4y127qi?from=search
经典粤菜海鲜玉米羹，味道很棒且消暑解腻，这天气来上一份，舒服,4.3万,,2023/6/14,主厨农国栋,www.bilibili.com/video/BV1SM4y1J7JX?from=search
资深美食评论家告诉你，粤菜天花板在哪里,1.2万,,2021/11/27,老秦吃了吗,www.bilibili.com/video/BV1SR4y1x7Jt?from=search
八大菜系谁第一？川菜鲁菜粤菜淮扬菜,7.9万,,2023/1/28,小黑诸鸣,www.bilibili.com/video/BV1d3411R7LE?from=search
白天鹅—被称为广州粤菜天花板的白天鹅，老魏带你们一探究竟,26.5万,,2023/1/29,特厨魏味-,www.bilibili.com/video/BV1dD4y1E7Xz?from=search
粤点粤菜粤精彩，佛山三水地区无人不知晓，烧鹅专门店，和烧鹅行家去试烧鹅，酒香不怕巷子深，粤语中字幕,1.4万,,2022/9/1,Amy爱你的每一天,www.bilibili.com/video/BV1iG411572V?from=search
【粤菜】400一份的煲仔饭，见识了！,2.5万,,2021/10/19,粤菜介绍,www.bilibili.com/video/BV1xq4y1G7Zr?from=search
【品城记】来番禺传统水乡，吃顿传统粤菜！南粤厨王做的烧鹅，猫哥和大秋觉得如何？,13.5万,,2022/9/3,品城记本地版,www.bilibili.com/video/BV1Ke41137F2?from=search
本广东人打满分！上海￥138一位早茶粤菜川菜自助，虾饺无限，创新菜品称绝,21.9万,,2023/7/24,鱼子酱就酱-,www.bilibili.com/video/BV1qu4y1U7WM?from=search
粤菜里历史悠久的名菜鸽吞燕，汤鲜味美鸽肉与燕窝的口感清而回味,23.0万,,2020/12/24,主厨农国栋,www.bilibili.com/video/BV1T5411p73y?from=search
十五年的地道老广饭堂，十分低调却出品优秀，汤品尤其出色，是回头了无数次的特色粤菜馆子。,4.8万,,2023/1/1,NAV看广州B站版,www.bilibili.com/video/BV1C3411U7v1?from=search
在韩国火爆的中国粤菜餐厅，韩国人第一吃粤菜反应！,23.6万,,2022/7/7,Iam小方,www.bilibili.com/video/BV18a411p7VU?from=search
在上海298元吃到粤菜顶级大厨烧的东星斑！！味道感人,2.3万,,2023/9/2,辣椒很挑,www.bilibili.com/video/BV1cu411P7PN?from=search
广东粤菜老师傅在法国，用传统厨艺为中餐正名，这才是地道广东味,10.3万,,2020/11/18,Yooupi食途,www.bilibili.com/video/BV1jy4y1q7Wz?from=search
深藏东山口的实惠街坊粤菜，开店近四十年相当低调，酥炸牛肉和葱油鸡挺不错,15.0万,,2022/10/19,毛毛美食指南,www.bilibili.com/video/BV19m4y1c71k?from=search
粤点粤菜粤精彩，佛山粤菜性价比之最，农汤老店，粤语中字幕,2444,,2022/8/3,Amy爱你的每一天,www.bilibili.com/video/BV1AB4y187zq?from=search
粤菜系列：咸鱼茄子煲的做法，先点赞收藏,6.3万,,2023/4/7,游厨冯马迁,www.bilibili.com/video/BV13V4y1D7XR?from=search
粤菜名点，陈皮牛肉丸，跟着七姨做不翻车,3.8万,,2023/9/11,顺德七姨,www.bilibili.com/video/BV1fu411w72B?from=search
台北40年超平价粤菜绝版菜色连五年夺必比登,1.1万,,2023/5/15,美食运输大队长,www.bilibili.com/video/BV1ZT411t7Ru?from=search
99r/人的粤菜自助 两笼虾皇饺吃回本！,31.2万,,2022/11/24,吃货圆圈圈,www.bilibili.com/video/BV1k14y1J7Bi?from=search
北京最专一的粤菜20年只做啫啫，老板说再不火就不想干了,8.3万,,2020/12/11,无所尉吃什么,www.bilibili.com/video/BV1cV411h7ZF?from=search
人均124元的广州百年粤菜馆子，草莓叉烧海胆凤眼饺有颜有料！菜品整体都不错~,33.7万,,2023/6/29,温油辣辣U,www.bilibili.com/video/BV1Fu411b7yd?from=search
顶级米其林餐厅！澳门封顶三星的粤菜是否名副其实？【澳门之行】,2.1万,,2023/3/27,加齐ghazi,www.bilibili.com/video/BV1mN411K7ay?from=search
广州星级创意粤菜开盲盒，尝尝怎么样？,32.9万,,2023/9/18,JASON刘雨鑫,www.bilibili.com/video/BV1UV411w7zd?from=search
上海顶级的粤菜点心竟开在菜市场边上！菜单全滚一遍不过150元！,6.0万,,2023/4/9,一碗编辑部,www.bilibili.com/video/BV1HT411x7h9?from=search
谁规定北方人不能吃粤菜，我就是很喜欢啊,11.4万,,2022/5/16,馋人老田,www.bilibili.com/video/BV1Zr4y1t7va?from=search
荔湾很实惠的老牌街坊粤菜，招牌清平鸡皮脆肉劲，还有几道独家特色菜也很不错,8.1万,,2022/5/22,毛毛美食指南,www.bilibili.com/video/BV1NA4y1Z7oM?from=search
宠粉系列-粤菜大放送 大肥烧鹅三杯鸡阿嫲扎肉豪华肠粉整盘炫 | 西安 | 阿林台湾食堂,22.8万,,2023/9/10,千金饱了,www.bilibili.com/video/BV1k94y1x7Jw?from=search
有一些不那么老～但算得上宝藏的粤菜馆子，从这期开始咱们码一码。头一家“食饱行运”，它的市师鸡相当出色，在我心里胜过了之前介绍的“味食家”。,8.0万,,2023/6/2,NAV看广州B站版,www.bilibili.com/video/BV13g4y1F7ri?from=search
粤菜，为啥难以走出大湾区？,8772,,2023/4/2,红餐,www.bilibili.com/video/BV1rL411X7Wn?from=search
198元吃10道粤菜，红米肠粉超惊艳！牛肉球 汤包 松化蛋挞...,13.7万,,2023/9/5,温油辣辣U,www.bilibili.com/video/BV14w411U7Ko?from=search
粤菜集锦！,274,,2023/7/28,中山有食神,www.bilibili.com/video/BV17P411r7Nr?from=search
59岁粤菜大厨，耗时10小时，展示经典粤菜上汤芝士焗龙虾,7.0万,,2022/3/1,唐师傅炒菜爱放糖,www.bilibili.com/video/BV17q4y147P3?from=search
开业一周就爆满的北京粤菜新店，能否摘星拭目以待,13.5万,,2022/11/2,无所尉吃什么,www.bilibili.com/video/BV1g84y1q7AJ?from=search
利永周+徐嘉乐，一起聊聊粤菜的传承与创新！,1.2万,,2023/3/11,红餐,www.bilibili.com/video/BV1Ck4y187M1?from=search
广东人因为太穷了，所以导致粤菜上不了国宴！,30.5万,,2023/4/14,肥总驾到,www.bilibili.com/video/BV1ok4y1Y7Sx?from=search
一道菜能长久不衰是因为它味道一流，就比如这道粤菜“砂锅黄鱼”,25.4万,,2020/7/26,主厨农国栋,www.bilibili.com/video/BV1jz4y1Q7WF?from=search
粤菜热门榜第一的连锁粤菜馆——常来小聚 ，夸张的人气凭的是什么？,7175,,2022/9/11,鲤鸡厂,www.bilibili.com/video/BV1Dt4y1L7az?from=search
杭州最便宜的粤菜小店，性价比无敌，就是太隐蔽了，9块钱菠萝包真香~,6.3万,,2022/11/22,PIKA迪,www.bilibili.com/video/BV1k3411f7gF?from=search
高能！人从众期待已久的“粤菜”，大师的菜，穿“粤”归来！,9.5万,,2019/4/18,大师的菜,www.bilibili.com/video/BV1cb411L77a?from=search
广东人因为太穷了，所以导致粤菜上不了国宴！,30.5万,,2023/4/14,肥总驾到,www.bilibili.com/video/BV1ok4y1Y7Sx?from=search
“粤菜之光”的传说到此为止吧，广御轩我不太想来了【弘举的全国饮食实评】,1.2万,,2023/8/22,一念弘举,www.bilibili.com/video/BV1Pp4y1n7pi?from=search
【食酒vlog】6000一顿饭？！从广东城中村开到百年外滩的顶级古法粤菜（壹零贰小馆）,8.9万,,2022/8/21,食酒旅,www.bilibili.com/video/BV1Ue4y1f77K?from=search
粤菜“山河日下”，罪魁祸首竟是？,2.4万,,2023/6/6,红餐,www.bilibili.com/video/BV1U8411o7Kp?from=search
粤菜馆里的畅销菜品“药膳桑拿鸡”，这道菜也是有手就能学会系列,24.3万,,2020/8/15,主厨农国栋,www.bilibili.com/video/BV18Z4y1M7W1?from=search
30年粤菜老字号，我去了5次... | 广州向群【肉老师探店】,23.3万,,2022/9/3,热心市民肉老师,www.bilibili.com/video/BV12t4y1j7PF?from=search
30年老字号粤菜，发明桑拿菜，斩获广州十大名鸡 | 广州矿泉大可以,9.3万,,2023/3/18,热心市民肉老师,www.bilibili.com/video/BV1pk4y187eE?from=search
人均99.5元吃9菜1汤加奶茶，有烧鹅和黄鱼，北京粤菜内卷这么严重吗？,5.5万,,2021/4/25,无所尉吃什么,www.bilibili.com/video/BV1ZK4y1o76i?from=search
煲制鲍鱼堪称粤菜的头把交椅，需多种食材经过长时间的煲制方能成,28.7万,,2020/12/15,主厨农国栋,www.bilibili.com/video/BV1Bi4y1c7cx?from=search
满怀诚意分享这家几乎零差评粤菜，广州老城区好吃粤菜馆的要素它全齐了,3.0万,,2023/6/13,大兵探店,www.bilibili.com/video/BV17s4y1y7fv?from=search
粤菜紫苏焖鸭的做法，还没出锅就香味扑鼻，吃一口满嘴香,1.8万,,2020/5/4,懒人饭饭,www.bilibili.com/video/BV1TZ4y1s7an?from=search
【粤菜专题】令大部分广州人心甘情愿排队的粤菜到底是怎样的？,3.2万,,2023/3/13,大兵探店,www.bilibili.com/video/BV1V8411F7Dw?from=search
一道菜就回本？！探店全上海最便宜粤菜自助！99元到底都能吃啥？,110.3万,,2022/9/6,哇塞几张,www.bilibili.com/video/BV13B4y137CZ?from=search
火了一年的粤菜大排档，烧鹅皮脆肉滑，后悔没早点去,11.3万,,2021/12/30,无所尉吃什么,www.bilibili.com/video/BV1vr4y1S7BT?from=search
京城高级粤菜，有香港富豪饭堂内味了,8.9万,,2020/10/22,无所尉吃什么,www.bilibili.com/video/BV1WV411y7fu?from=search
爆满广州土著的老牌街坊粤菜，很多经典粤味藏在其中,2.8万,,2023/5/6,大兵探店,www.bilibili.com/video/BV1Qc411T7pE?from=search
【广州·广御轩】号称“粤菜之光”的米其林一星餐厅！,2.9万,,2021/8/27,P酱爱料理,www.bilibili.com/video/BV1ey4y1G7RW?from=search
济南藏在小区里面的粤菜馆，被好多人安利过，今天就来啦！华记粤好味 安排啦！,1.5万,,2021/10/5,小吃才花卷,www.bilibili.com/video/BV1wU4y1w758?from=search
78元吃57个菜！味道竟然还很不错！我愿称之为上海最划算的粤菜自助！【大薅羊毛8】,8.3万,,2022/12/4,一碗编辑部,www.bilibili.com/video/BV1K24y1k76y?from=search
据说是佛山最能打的烧鹅？盐步这家老牌街坊粤菜，烧鹅和传统粤菜都挺好吃,12.1万,,2022/12/22,毛毛美食指南,www.bilibili.com/video/BV1GG4y1J76h?from=search
【洪金宝到粤菜馆点开水白菜，厨师就知道这人不简单】,34.6万,,2019/3/23,Words_are_wind,www.bilibili.com/video/BV1yb41177RK?from=search
有一些不那么老～但算得上宝藏的粤菜馆子，从这期开始咱们码一码。头一家“食饱行运”，它的市师鸡相当出色，在我心里胜过了之前介绍的“味食家”。,8.0万,,2023/6/2,NAV看广州B站版,www.bilibili.com/video/BV13g4y1F7ri?from=search
成都49选10半自助式粤菜，干烧鱼水蒸蛋惊喜连连，平均15.8元一道菜很超值！,14.5万,,2023/7/5,温油辣辣U,www.bilibili.com/video/BV1HX4y1H732?from=search
在广州老城区开了30年的粤菜馆，一锅啫啫大肠，让街坊们都爱得疯狂，锅气超足吃一次就成为了我的白月光餐厅。,18.6万,,2023/4/19,NeiNei_旅行日记,www.bilibili.com/video/BV1ch4y1s7pM?from=search
【粤菜】粤菜,266,,2021/10/20,粤菜介绍,www.bilibili.com/video/BV1UF411Y7xo?from=search
粤菜里历史悠久的名菜鸽吞燕，汤鲜味美鸽肉与燕窝的口感清而回味,23.0万,,2020/12/24,主厨农国栋,www.bilibili.com/video/BV1T5411p73y?from=search
星厨“鸽神”出手，占领杭州粤菜高地！【弘举全国饮食实评】,5549,,2023/9/17,一念弘举,www.bilibili.com/video/BV1J34y1P7y6?from=search
成都百元粤菜自助，整条鱼的上！现包虾皇饺！,85.2万,,2022/11/7,密子君,www.bilibili.com/video/BV1Ae411F7iq?from=search
在韩国火爆的中国粤菜餐厅，韩国人第一吃粤菜反应！,23.6万,,2022/7/7,Iam小方,www.bilibili.com/video/BV18a411p7VU?from=search
失传古法粤菜是真好吃还是智商税？百亿富豪刘銮雄最爱吃的富豪食堂家全七福告诉你这个答案,2.0万,,2023/9/7,VK的美食日记,www.bilibili.com/video/BV1eh4y1P74t?from=search
上海顶级的粤菜点心竟开在菜市场边上！菜单全滚一遍不过150元！,6.0万,,2023/4/9,一碗编辑部,www.bilibili.com/video/BV1HT411x7h9?from=search
可以追溯到清朝时期的老粤菜金钱虾盒，制作略有繁琐，但值得学习,16.2万,,2023/7/11,主厨农国栋,www.bilibili.com/video/BV1fX4y1e7rR?from=search
粤菜名厨古志辉做的粤菜，不贵那种,1.6万,,2023/6/11,挑食的_Jim,www.bilibili.com/video/BV1Nu4y1o7CE?from=search
从城中村到百年外滩，这就是上海最佳古法粤菜【食酒旅】,4.8万,,2023/8/5,食酒旅,www.bilibili.com/video/BV1k14y1B7C5?from=search
谁规定北方人不能吃粤菜，我就是很喜欢啊,11.4万,,2022/5/16,馋人老田,www.bilibili.com/video/BV1Zr4y1t7va?from=search
粉丝真是靠谱，又让我吃到一个很宝藏的私房粤菜，黑椒大圆蹄不多见，很好吃。炖汤出品也很棒，还量大实惠。,28.6万,,2023/3/16,NAV看广州B站版,www.bilibili.com/video/BV1ZM411W7Xh?from=search
又是跟着广州阿婆阿伯吃饭的一天，粤菜就是绝啊！,3247,,2023/9/6,_贰捌_,www.bilibili.com/video/BV1N94y1x7zq?from=search
英国人第一次吃粤菜点心，还挑战说粤语,29.7万,,2023/3/16,小马逛吃,www.bilibili.com/video/BV1YT411r72n?from=search
这是一家解说都多余的粤菜餐厅，太有名了,5.3万,,2022/2/14,粥粥加点盐,www.bilibili.com/video/BV1qa411k7U5?from=search
广东粤菜老师傅在法国，用传统厨艺为中餐正名，这才是地道广东味,10.3万,,2020/11/18,Yooupi食途,www.bilibili.com/video/BV1jy4y1q7Wz?from=search
在广州越秀火了20多年的粤菜馆，真正的广州味道，每天食客爆满,3.7万,,2022/7/16,大兵探店,www.bilibili.com/video/BV1Ja411H7qN?from=search
中国餐饮界粤菜天花板,114,,2022/10/26,HF峰行天下,www.bilibili.com/video/BV14m4y1F7L8?from=search
成都49选10半自助式粤菜，干烧鱼水蒸蛋惊喜连连，平均15.8元一道菜很超值！,14.5万,,2023/7/5,温油辣辣U,www.bilibili.com/video/BV1HX4y1H732?from=search
【Vlog.15】感受一下粤菜界中的黄埔军校 利苑,5.7万,,2022/1/29,吃饭不吃酸黄瓜,www.bilibili.com/video/BV14P4y1N7oP?from=search
孤独美食者之CC爱粤菜分享，你看饿了吗？敲好吃的水晶虾皇～炒米粉yyds,8.1万,,2023/4/24,CC宝玉玉,www.bilibili.com/video/BV1aa4y1V7Uw?from=search
在广州老城区开了30年的粤菜馆，一锅啫啫大肠，让街坊们都爱得疯狂，锅气超足吃一次就成为了我的白月光餐厅。,18.6万,,2023/4/19,NeiNei_旅行日记,www.bilibili.com/video/BV1ch4y1s7pM?from=search
【粤菜】粤菜,266,,2021/10/20,粤菜介绍,www.bilibili.com/video/BV1UF411Y7xo?from=search
星厨“鸽神”出手，占领杭州粤菜高地！【弘举全国饮食实评】,5549,,2023/9/17,一念弘举,www.bilibili.com/video/BV1J34y1P7y6?from=search
成都百元粤菜自助，整条鱼的上！现包虾皇饺！,85.2万,,2022/11/7,密子君,www.bilibili.com/video/BV1Ae411F7iq?from=search
失传古法粤菜是真好吃还是智商税？百亿富豪刘銮雄最爱吃的富豪食堂家全七福告诉你这个答案,2.0万,,2023/9/7,VK的美食日记,www.bilibili.com/video/BV1eh4y1P74t?from=search
经典粤菜如果再没人学习传承可能就失传了，就好像这道雪山炒官燕,8.0万,,2022/10/13,主厨农国栋,www.bilibili.com/video/BV1pD4y1C7Ud?from=search
中国四大菜系 - 苏菜、川菜、鲁菜、粤菜 【地图可视化】,3.6万,,2020/5/11,_江之岛盾子_,www.bilibili.com/video/BV1St4y117xE?from=search
可以追溯到清朝时期的老粤菜金钱虾盒，制作略有繁琐，但值得学习,16.2万,,2023/7/11,主厨农国栋,www.bilibili.com/video/BV1fX4y1e7rR?from=search
粤菜名厨古志辉做的粤菜，不贵那种,1.6万,,2023/6/11,挑食的_Jim,www.bilibili.com/video/BV1Nu4y1o7CE?from=search
从城中村到百年外滩，这就是上海最佳古法粤菜【食酒旅】,4.8万,,2023/8/5,食酒旅,www.bilibili.com/video/BV1k14y1B7C5?from=search
粉丝真是靠谱，又让我吃到一个很宝藏的私房粤菜，黑椒大圆蹄不多见，很好吃。炖汤出品也很棒，还量大实惠。,28.6万,,2023/3/16,NAV看广州B站版,www.bilibili.com/video/BV1ZM411W7Xh?from=search
又是跟着广州阿婆阿伯吃饭的一天，粤菜就是绝啊！,3247,,2023/9/6,_贰捌_,www.bilibili.com/video/BV1N94y1x7zq?from=search
英国人第一次吃粤菜点心，还挑战说粤语,29.7万,,2023/3/16,小马逛吃,www.bilibili.com/video/BV1YT411r72n?from=search
这是一家解说都多余的粤菜餐厅，太有名了,5.3万,,2022/2/14,粥粥加点盐,www.bilibili.com/video/BV1qa411k7U5?from=search
广州探店！北京路商圈人均不过百小众粤菜顺德菜！脆肉鲩鱼一鱼五吃绝绝子！不网红不排队！顺得来探店！,5.6万,,2021/10/30,毛驴的猫,www.bilibili.com/video/BV153411k7f1?from=search
可以追溯到清朝时期的老粤菜金钱虾盒，制作略有繁琐，但值得学习,16.2万,,2023/7/11,主厨农国栋,www.bilibili.com/video/BV1fX4y1e7rR?from=search
从城中村到百年外滩，这就是上海最佳古法粤菜【食酒旅】,4.8万,,2023/8/5,食酒旅,www.bilibili.com/video/BV1k14y1B7C5?from=search
把鸡蛋直接丢进油锅炸，做一道粤菜“五柳炸蛋”酸甜可口超下饭！,8.3万,,2021/11/2,洋仔开箱a,www.bilibili.com/video/BV1oU4y1u7zR?from=search
谁规定北方人不能吃粤菜，我就是很喜欢啊,11.4万,,2022/5/16,馋人老田,www.bilibili.com/video/BV1Zr4y1t7va?from=search
粉丝真是靠谱，又让我吃到一个很宝藏的私房粤菜，黑椒大圆蹄不多见，很好吃。炖汤出品也很棒，还量大实惠。,28.6万,,2023/3/16,NAV看广州B站版,www.bilibili.com/video/BV1ZM411W7Xh?from=search
英国人第一次吃粤菜点心，还挑战说粤语,29.7万,,2023/3/16,小马逛吃,www.bilibili.com/video/BV1YT411r72n?from=search
徒手剥200只螃蟹，挑战粤菜之巅礼云子！,9.2万,,2023/4/12,菜男烧小菜,www.bilibili.com/video/BV1as4y117yX?from=search
广东粤菜老师傅在法国，用传统厨艺为中餐正名，这才是地道广东味,10.3万,,2020/11/18,Yooupi食途,www.bilibili.com/video/BV1jy4y1q7Wz?from=search
深藏东山口的实惠街坊粤菜，开店近四十年相当低调，酥炸牛肉和葱油鸡挺不错,15.0万,,2022/10/19,毛毛美食指南,www.bilibili.com/video/BV19m4y1c71k?from=search
济南人均50元的粤菜馆,1.1万,,2023/4/15,周嘻嘻和王哈哈,www.bilibili.com/video/BV1Fo4y1h7RC?from=search
粤菜名厨古志辉做的粤菜，不贵那种,1.6万,,2023/6/11,挑食的_Jim,www.bilibili.com/video/BV1Nu4y1o7CE?from=search
带父母第一次去吃粤菜，没想到大厨是米其林三星,38.8万,,2020/12/6,结巴老爹,www.bilibili.com/video/BV19f4y1Y7SA?from=search
哪有什么花里胡哨，全凭实惠和味道坚持下来的宝藏街坊粤菜,3.4万,,2023/8/16,大兵探店,www.bilibili.com/video/BV1ym4y1n7bo?from=search
我也有被教育的一天，还有人记得炒饭粉丝吗？！看看除了粤菜乐哥还会点啥？,15.2万,,2022/3/29,厨师徐嘉乐,www.bilibili.com/video/BV1VS4y1m7Pm?from=search
菜量巨巨巨大的粤菜饭堂，3人以下别去！| 职工大饭堂【肉老师探店】,8.8万,,2021/11/20,热心市民肉老师,www.bilibili.com/video/BV1SP4y1G7xD?from=search
隋卞一探|谢霆锋推荐的粤菜-一楼一饭店，看看到底好不好吃？！,98.3万,,2022/11/21,特厨隋卞,www.bilibili.com/video/BV1gP41137zz?from=search
寻味广州:星苑饭店（老字号传统粤菜风味（自称））粤式大排档,3682,,2022/5/6,李纯洁与何天真,www.bilibili.com/video/BV1A5411d7mE?from=search
江西老表开粤菜馆，再往白切鸡里浇辣椒我就要“报警”了！,6.0万,,2023/8/15,爱坤一生推,www.bilibili.com/video/BV1PP411s7iV?from=search
很家常但对我来说是一道永远都不会吃腻的家常菜#鲜菇炒牛肉 #粤菜 #下饭菜,8.7万,,2022/11/8,Lookocherry大徐,www.bilibili.com/video/BV1j8411a7Xo?from=search
108道粤菜份量无限续，每道只要1圆! 自助餐老板到底靠啥盈利？,7.0万,,2022/1/7,闪电阿尧,www.bilibili.com/video/BV1Y44y1j71C?from=search
私宅品质粤菜！多汁大扣肉入口化｜成都美味探店,43.9万,,2021/5/3,密子君,www.bilibili.com/video/BV1t54y157Zg?from=search
济南藏在小区里面的粤菜馆，被好多人安利过，今天就来啦！华记粤好味 安排啦！,1.5万,,2021/10/5,小吃才花卷,www.bilibili.com/video/BV1wU4y1w758?from=search
广州市越秀区小北路 经营了41年的老字号粤菜馆vlog！～附近的地胆饭堂～,2.4万,,2022/7/20,凌老师芒果是我,www.bilibili.com/video/BV1ke4y197kw?from=search
“粤菜之光”的传说到此为止吧，广御轩我不太想来了【弘举的全国饮食实评】,1.2万,,2023/8/22,一念弘举,www.bilibili.com/video/BV1Pp4y1n7pi?from=search
北京很少人知道的一家宝藏粤菜馆，有广东大排档的味道，人均不到100,3.3万,,2021/10/17,hello周晓楠,www.bilibili.com/video/BV1ov411M7PD?from=search
古法粤菜之㊙️禾花鲤鱼腊味炊饭,15.6万,,2023/1/28,常戴夫,www.bilibili.com/video/BV1HY4y1R7rh?from=search
孤独美食者之CC爱粤菜分享，你看饿了吗？敲好吃的水晶虾皇～炒米粉yyds,8.1万,,2023/4/24,CC宝玉玉,www.bilibili.com/video/BV1aa4y1V7Uw?from=search
粤菜高手藏身菜场，想见他一面得排队半年？,24.0万,,2022/11/16,米雪食记,www.bilibili.com/video/BV1KK411Z797?from=search
【粤菜专题】令大部分广州人心甘情愿排队的粤菜到底是怎样的？,3.2万,,2023/3/13,大兵探店,www.bilibili.com/video/BV1V8411F7Dw?from=search
中国四大菜系 - 苏菜、川菜、鲁菜、粤菜 【地图可视化】,3.6万,,2020/5/11,_江之岛盾子_,www.bilibili.com/video/BV1St4y117xE?from=search
【粤菜专题】凭一道黄鳝煲就可以封神，广州30年老牌街坊粤菜,2.3万,,2023/3/23,大兵探店,www.bilibili.com/video/BV1rm4y1k7Gc?from=search
耗时7天7夜还原濒临失传的传奇粤菜金沙白玉，徒手扎破36000个柚子油苞太解压了,41.0万,,2023/5/15,菜男烧小菜,www.bilibili.com/video/BV1hk4y1L7RY?from=search
在年销售额177亿的商场吃顿粤菜，以为差点不够钱结账！,15.2万,,2021/5/19,无所尉吃什么,www.bilibili.com/video/BV1m64y1d7Gx?from=search
利苑—曾经的粤菜黄埔军校，现如今菜做的怎么样,21.2万,,2022/11/11,特厨魏味-,www.bilibili.com/video/BV1Cg411s7aC?from=search
香港一家四口的日常｜晚餐vlog｜家常粤菜｜腐竹鱼头煲｜苦瓜炒牛肉｜白切鸡｜上汤菠菜,21.1万,,2022/3/5,莫默mok,www.bilibili.com/video/BV1TT4y1D7iP?from=search
广州最贵乳鸽！一位难求的粤菜之光，到底有多好吃？,55.2万,,2022/6/9,渣叔爱酒,www.bilibili.com/video/BV1pt4y1W7Pf?from=search
东北人不能做粤菜吗,23.8万,,2023/6/24,依依私厨,www.bilibili.com/video/BV1Mg4y1N7mM?from=search
丹麦公婆狂炫饭上桌一盘光一盘!吃到嘴流油!父女抢食大战!场面失控!最好吃粤菜馆探店,16.6万,,2023/1/7,北欧冷冰冰,www.bilibili.com/video/BV1dK411y7BH?from=search
把鸡蛋直接丢进油锅炸，做一道粤菜“五柳炸蛋”酸甜可口超下饭！,8.3万,,2021/11/2,洋仔开箱a,www.bilibili.com/video/BV1oU4y1u7zR?from=search
总在排行前三的网红粤菜馆，胖小伙吃了好评不断，文案小哥却觉得平平无奇？【就得这么晚-05细记港九】,110.6万,,2021/12/1,王师傅和小毛毛,www.bilibili.com/video/BV1JS4y1X7YL?from=search
街坊帮衬四十年的低调老广饭堂，在广州十年，它是我心中出品最稳定的老牌粤菜之一。,30.6万,,2023/6/6,NAV看广州B站版,www.bilibili.com/video/BV1v14y1D75o?from=search
广州人均1500的粤菜Omakase天花板，居然让人吃石头？,11.1万,,2021/7/30,我就翻一下,www.bilibili.com/video/BV1Rf4y157PR?from=search
私宅品质粤菜！多汁大扣肉入口化｜成都美味探店,43.9万,,2021/5/3,密子君,www.bilibili.com/video/BV1t54y157Zg?from=search
沈阳有名的高端粤菜店，懂的来看看这个粤菜做的正宗吗？,6.4万,,2023/6/19,胖虎老刘,www.bilibili.com/video/BV1WP411q73u?from=search
石家庄粤菜系列（一） 广味饭店,4457,,2023/5/29,吃的有点挑,www.bilibili.com/video/BV1po4y137eQ?from=search
澳门??最难预订的米其林三⭐粤菜馆‼️,5.7万,,2022/11/10,常戴夫,www.bilibili.com/video/BV1Ud4y1r7B9?from=search
古法粤菜之㊙️禾花鲤鱼腊味炊饭,15.6万,,2023/1/28,常戴夫,www.bilibili.com/video/BV1HY4y1R7rh?from=search
孤独美食者之CC爱粤菜分享，你看饿了吗？敲好吃的水晶虾皇～炒米粉yyds,8.1万,,2023/4/24,CC宝玉玉,www.bilibili.com/video/BV1aa4y1V7Uw?from=search
粤菜高手藏身菜场，想见他一面得排队半年？,24.0万,,2022/11/16,米雪食记,www.bilibili.com/video/BV1KK411Z797?from=search
在北京找到了很大排档的粤菜馆！炒海瓜子、炸虾枣、蒜蓉生蚝…是新的快乐老家了！,8728,,2023/9/4,瑭瑭的日记本,www.bilibili.com/video/BV1Mw411D7MR?from=search
中国四大菜系 - 苏菜、川菜、鲁菜、粤菜 【地图可视化】,3.6万,,2020/5/11,_江之岛盾子_,www.bilibili.com/video/BV1St4y117xE?from=search
粤点粤菜粤精彩，南粤名山，白云山，粤语中字幕,1296,,2022/2/12,Amy爱你的每一天,www.bilibili.com/video/BV1rr4y1h7n8?from=search
耗时7天7夜还原濒临失传的传奇粤菜金沙白玉，徒手扎破36000个柚子油苞太解压了,41.0万,,2023/5/15,菜男烧小菜,www.bilibili.com/video/BV1hk4y1L7RY?from=search
同两位大师傅，徐嘉乐先生、梅安利先生到顺德粤菜研发基地吃午饭,1.1万,,2023/8/29,番薯叔叔的美食杂货,www.bilibili.com/video/BV1QF411r7vi?from=search
【品城记】这家老字号粤菜饭店的人气十几年不减，它的出品真有那么好吗？,11.0万,,2018/7/26,品城记Video,www.bilibili.com/video/BV1ds411P7V2?from=search
在年销售额177亿的商场吃顿粤菜，以为差点不够钱结账！,15.2万,,2021/5/19,无所尉吃什么,www.bilibili.com/video/BV1m64y1d7Gx?from=search
老广的饭堂人均30吃地道粤菜！,2.0万,,2022/7/18,广州美食攻略V,www.bilibili.com/video/BV14d4y1Q7DR?from=search
这家上海的粤菜馆，广东人都直呼猴赛雷！,3.6万,,2021/7/17,VVVIP史蒂文,www.bilibili.com/video/BV1jK4y1u7bS?from=search
利苑—曾经的粤菜黄埔军校，现如今菜做的怎么样,21.2万,,2022/11/11,特厨魏味-,www.bilibili.com/video/BV1Cg411s7aC?from=search
香港一家四口的日常｜晚餐vlog｜家常粤菜｜腐竹鱼头煲｜苦瓜炒牛肉｜白切鸡｜上汤菠菜,21.1万,,2022/3/5,莫默mok,www.bilibili.com/video/BV1TT4y1D7iP?from=search
【广州日航酒店桃李酒家五星级粤菜】484元 （总厨徐嘉乐）,5.2万,,2022/3/3,陈随便778,www.bilibili.com/video/BV1da4118726?from=search
沈阳有名的高端粤菜店，懂的来看看这个粤菜做的正宗吗？,6.4万,,2023/6/19,胖虎老刘,www.bilibili.com/video/BV1WP411q73u?from=search
129一位的粤菜自助，一条鱼就回本！海鲜点心随便吃！,48.3万,,2022/11/15,女胖胖,www.bilibili.com/video/BV1WP411g7ey?from=search
这道顶级粤菜，生猛！,4.7万,,2018/7/19,想象视频,www.bilibili.com/video/BV11s411E749?from=search
寻味广州:星苑饭店（老字号传统粤菜风味（自称））粤式大排档,3682,,2022/5/6,李纯洁与何天真,www.bilibili.com/video/BV1A5411d7mE?from=search
广州白云区排名第一的粤菜，现场热闹得跟办酒席一样,9.3万,,2023/4/6,大兵探店,www.bilibili.com/video/BV1Ks4y1K7Ug?from=search
108道粤菜份量无限续，每道只要1圆! 自助餐老板到底靠啥盈利？,7.0万,,2022/1/7,闪电阿尧,www.bilibili.com/video/BV1Y44y1j71C?from=search
我也有被教育的一天，还有人记得炒饭粉丝吗？！看看除了粤菜乐哥还会点啥？,15.2万,,2022/3/29,厨师徐嘉乐,www.bilibili.com/video/BV1VS4y1m7Pm?from=search
济南人均50元的粤菜馆,1.1万,,2023/4/15,周嘻嘻和王哈哈,www.bilibili.com/video/BV1Fo4y1h7RC?from=search
米其林级别的宝藏粤菜店！赤酱浓油超下饭，帅小伙爽爽吃！,3.4万,,2023/9/7,赤赤吃啥呢,www.bilibili.com/video/BV1HP411a75d?from=search
240元半只的上海最嫩炸鸡，繁华闹市中的顶级粤菜餐厅，到底有多好吃？,40.6万,,2021/6/14,渣叔爱酒,www.bilibili.com/video/BV1Ry4y1u7ws?from=search
隋卞一探 |顺峰一直是北京粤菜绕不过去的名字，真是水平到底怎么样？特厨带你一探究竟！,74.7万,,2022/11/15,特厨隋卞,www.bilibili.com/video/BV1sg411q78k?from=search
开在北京蕞贵商场SKP，连续三年米其林的粤菜「北京厨房」，到底怎么样？,14.7万,,2022/10/19,JASON刘雨鑫,www.bilibili.com/video/BV1kW4y1J7ww?from=search
广州人均1500的粤菜Omakase天花板，居然让人吃石头？,11.1万,,2021/7/30,我就翻一下,www.bilibili.com/video/BV1Rf4y157PR?from=search
老广的饭堂人均30吃地道粤菜！,2.0万,,2022/7/18,广州美食攻略V,www.bilibili.com/video/BV14d4y1Q7DR?from=search
挖到宝了，这家粤菜便宜到“毫无人性”,5.0万,,2023/6/15,大兵探店,www.bilibili.com/video/BV1vo4y177MX?from=search
被中国“好男人”承包一周做饭不重样！三天后，算了，出去吃吧！粤菜！,12.5万,,2021/5/28,晓贞三件事,www.bilibili.com/video/BV19f4y1h7h6?from=search
挑战500做一星期中华8大菜系美食（第二天 粤菜）,23.9万,,2021/10/4,派大林小小厨,www.bilibili.com/video/BV1ZL411s7wt?from=search
广州最贵的粤菜，人均3000起！,28.8万,,2022/8/8,挑爷评美食,www.bilibili.com/video/BV1dd4y127SL?from=search
澳门??最难预订的米其林三⭐粤菜馆‼️,5.7万,,2022/11/10,常戴夫,www.bilibili.com/video/BV1Ud4y1r7B9?from=search
老粤菜馆里常常能见到这道咸菜煲粉肠，很经典！能吃菜能喝汤，正,5.8万,,2023/5/18,主厨农国栋,www.bilibili.com/video/BV1WV4y16782?from=search
深藏在批发市场的三十年老牌粤菜，不仅做着广州最原始的桑拿菜，被称为十大名鸡之一的“真味鸡”也相当出众。,32.0万,,2023/5/8,NAV看广州B站版,www.bilibili.com/video/BV1Uo4y1c7x7?from=search
【广州日航酒店桃李酒家五星级粤菜】484元 （总厨徐嘉乐）,5.2万,,2022/3/3,陈随便778,www.bilibili.com/video/BV1da4118726?from=search
129一位的粤菜自助，一条鱼就回本！海鲜点心随便吃！,48.3万,,2022/11/15,女胖胖,www.bilibili.com/video/BV1WP411g7ey?from=search
【广州十粤风光粤菜放题】288元 金鸽佛跳墙,8.8万,,2022/8/31,陈随便778,www.bilibili.com/video/BV1Ke4y1Y75T?from=search
这道顶级粤菜，生猛！,4.7万,,2018/7/19,想象视频,www.bilibili.com/video/BV11s411E749?from=search
广州白云区排名第一的粤菜，现场热闹得跟办酒席一样,9.3万,,2023/4/6,大兵探店,www.bilibili.com/video/BV1Ks4y1K7Ug?from=search
米其林级别的宝藏粤菜店！赤酱浓油超下饭，帅小伙爽爽吃！,3.4万,,2023/9/7,赤赤吃啥呢,www.bilibili.com/video/BV1HP411a75d?from=search
240元半只的上海最嫩炸鸡，繁华闹市中的顶级粤菜餐厅，到底有多好吃？,40.6万,,2021/6/14,渣叔爱酒,www.bilibili.com/video/BV1Ry4y1u7ws?from=search
南方女婿带东北岳父体验粤菜，岳父：这菜我下不了酒,28.0万,,2022/7/16,纪实小马,www.bilibili.com/video/BV1TV4y1J7yg?from=search
隋卞一探 |顺峰一直是北京粤菜绕不过去的名字，真是水平到底怎么样？特厨带你一探究竟！,74.7万,,2022/11/15,特厨隋卞,www.bilibili.com/video/BV1sg411q78k?from=search
中国粤菜黄埔军校！杨枝甘露就是这里发明的,3.0万,,2023/6/12,一念超人,www.bilibili.com/video/BV1Bk4y1n7tW?from=search
开在北京蕞贵商场SKP，连续三年米其林的粤菜「北京厨房」，到底怎么样？,14.7万,,2022/10/19,JASON刘雨鑫,www.bilibili.com/video/BV1kW4y1J7ww?from=search
被中国“好男人”承包一周做饭不重样！三天后，算了，出去吃吧！粤菜！,12.5万,,2021/5/28,晓贞三件事,www.bilibili.com/video/BV19f4y1h7h6?from=search
香港一家四口的日常晚餐｜粤菜里有名的咸鱼茄子煲，好吃又下饭,9.7万,,2021/6/7,莫默mok,www.bilibili.com/video/BV1q44y167xU?from=search
粤菜 我认为是最好吃的菜系之一，养生又美味,2030,,2023/3/20,鹿然-,www.bilibili.com/video/BV12X4y1Z7st?from=search
挖到宝了，这家粤菜便宜到“毫无人性”,5.0万,,2023/6/15,大兵探店,www.bilibili.com/video/BV1vo4y177MX?from=search
在广州唯一米其林二星吃饭！一盘菜就要118元，真的是粤菜最高水平吗？,13.6万,,2020/7/22,好滴多仔,www.bilibili.com/video/BV1HK411J7p2?from=search
挑战500做一星期中华8大菜系美食（第二天 粤菜）,23.9万,,2021/10/4,派大林小小厨,www.bilibili.com/video/BV1ZL411s7wt?from=search
广州最贵的粤菜，人均3000起！,28.8万,,2022/8/8,挑爷评美食,www.bilibili.com/video/BV1dd4y127SL?from=search
广东粤菜全国出名，不是靠“鼓吹”！而是粤菜有自己烹饪和定律！,2549,,2022/12/22,肥总驾到,www.bilibili.com/video/BV128411n75a?from=search
这家私房粤菜可真是“闷声做大菜”啊～,89.6万,,2023/5/22,玲子reiko-,www.bilibili.com/video/BV1hs4y1q7Jr?from=search
百年建筑里的私房粤菜——黑松露脆皮湛江鸡,6.5万,,2023/4/17,常戴夫,www.bilibili.com/video/BV1WM411L79a?from=search
【上海】99元的粤菜自助！大黄鱼畅吃！,28.3万,,2022/12/18,就是气气,www.bilibili.com/video/BV16A411Q7UD?from=search
影视里八大菜系美食：粤菜白切鸡、闽菜佛跳墙，看着就好好吃,6293,,2023/9/16,影视爱盘点,www.bilibili.com/video/BV1WF411k7Lm?from=search
中国粤菜黄埔军校！杨枝甘露就是这里发明的,3.0万,,2023/6/12,一念超人,www.bilibili.com/video/BV1Bk4y1n7tW?from=search
值得一看，5000元吃了顿非常有创意的粤菜料理【挑爷贵系列】,38.2万,,2020/9/10,挑爷评美食,www.bilibili.com/video/BV1rK411K7hR?from=search
我在广州闪现次数最多的老牌儿粤菜，它家不少菜品在我心里排位都很高，香椒盐富贵虾目前为止依然是我心中广州赖尿虾的头牌。,13.8万,,2023/5/23,NAV看广州B站版,www.bilibili.com/video/BV1Xh4y1t76K?from=search
来广州粤菜必吃这道猪手！,26,,2022/4/11,做饭给你吃-,www.bilibili.com/video/BV1Uq4y1a7S4?from=search
内地第一家拿到米其林三星的粤菜，澳龙卖到2000一斤？！到底有什么道理啦！,18.8万,,2023/6/7,好滴多仔,www.bilibili.com/video/BV1D14y1U73b?from=search
人均50元吃粤菜!,708,,2022/12/10,老刘反内卷食记,www.bilibili.com/video/BV1q44y1m79S?from=search
粤菜也有Omakase？大冤种套餐Get！,103.8万,,2022/3/13,粤知一二,www.bilibili.com/video/BV1c34y187Mu?from=search
排了一小时才吃上的上海热门粤菜餐厅—繁楼,75.4万,,2023/6/9,真探高文麒,www.bilibili.com/video/BV1j14y1Q7zp?from=search
嗯～这家的鲍鱼有味道！粤菜翠园，厨子来探店了！｜真探来了,88.4万,,2021/9/23,真探来了,www.bilibili.com/video/BV1q44y147iQ?from=search
【品城记】长这么大还是第一次听说“番禺菜”，本以为只是普通粤菜，没想到第一口就被惊艳到了！,14.9万,,2023/4/3,品城记本地版,www.bilibili.com/video/BV1La4y1M7Lu?from=search
听说你喜欢吃粤菜？今天教你个小秘诀！啫啫煲～,25.9万,,2023/4/7,安秋金,www.bilibili.com/video/BV1Tc411s7Vh?from=search
老广说不吃它等于没吃过粤菜,4.2万,,2021/11/14,阿飞姐姐_,www.bilibili.com/video/BV1xv411M7HE?from=search
【品城记】这家老字号粤菜饭店的人气十几年不减，它的出品真有那么好吗？,11.0万,,2018/7/26,品城记Video,www.bilibili.com/video/BV1ds411P7V2?from=search
做粤菜的北京厨房，skp可真是不敢多去啊｜真探来了,65.9万,,2022/5/19,真探来了,www.bilibili.com/video/BV1pF411L7Ad?from=search
【咩啊】粤菜特色：名字花里胡哨,11.6万,,2021/12/3,咩啊博士,www.bilibili.com/video/BV1b44y1h7Ej?from=search
南方女婿带东北岳父体验粤菜，岳父：这菜我下不了酒,28.0万,,2022/7/16,纪实小马,www.bilibili.com/video/BV1TV4y1J7yg?from=search
71层高空粤菜，连续4年米其林1星，¥98的虾饺就这？| 愉粤轩【肉老师探店】,7.9万,,2022/3/12,热心市民肉老师,www.bilibili.com/video/BV1pS4y1u7jc?from=search
3300一位的粤菜？预算超支警告：吃完这一顿，国庆家里蹲！,24.9万,,2021/9/30,奇异小北,www.bilibili.com/video/BV1vQ4y1Q7sn?from=search
《粤菜餐厅变成全国连锁后》其实出了广东后，连锁粤菜是唯一的精神寄托~,22.0万,,2023/9/8,大头泽子,www.bilibili.com/video/BV1u14y1C7XK?from=search
香港一家四口的日常晚餐｜粤菜里有名的咸鱼茄子煲，好吃又下饭,9.7万,,2021/6/7,莫默mok,www.bilibili.com/video/BV1q44y167xU?from=search
138元/位的粤式自助，几十种蒸点粤菜不限量！部分菜品还有待提升噢~(下),14.6万,,2023/5/10,温油辣辣U,www.bilibili.com/video/BV1rs4y1D7NE?from=search
这家被称为中年男性避风塘的粤菜馆，居然自己承认不好吃——金鼎轩,15.2万,,2023/4/21,特厨魏味-,www.bilibili.com/video/BV1Pa4y1N7Ev?from=search
成都人均200元的粤菜餐厅，得过金奖的乳鸽能有多绝！菜量大适合聚餐~,15.6万,,2023/6/7,温油辣辣U,www.bilibili.com/video/BV1yX4y1t7bp?from=search
【广州十粤风光粤菜放题】288元 金鸽佛跳墙,8.8万,,2022/8/31,陈随便778,www.bilibili.com/video/BV1Ke4y1Y75T?from=search
【新穗港龙粤菜馆】这家正宗的粤菜馆，卖烧鹅相当实惠,29.6万,,2019/1/2,康康吃一口,www.bilibili.com/video/BV1rt411z7Fn?from=search
美国丈母娘第一次吃粤菜，被烧腊打动：我就是一个广东女孩！,35.7万,,2022/7/17,田纳西Jay和Ari,www.bilibili.com/video/BV1pU4y1i7vB?from=search
带美国岳父母在中餐馆吃粤菜，吃完丈母娘说我本来不喜欢鸭肉的！,23.0万,,2022/12/17,田纳西Jay和Ari,www.bilibili.com/video/BV1de4y1K7YA?from=search
在广州唯一米其林二星吃饭！一盘菜就要118元，真的是粤菜最高水平吗？,13.6万,,2020/7/22,好滴多仔,www.bilibili.com/video/BV1HK411J7p2?from=search
中午去静安寺吃“食好点”粤菜点心,7.3万,,2021/1/24,丁子沪,www.bilibili.com/video/BV1Bh411y7mD?from=search
用粤菜&quot;豆豉蒸排骨&quot;PK西班牙徒弟的拿手好菜&quot;烤排骨&quot;，究竟谁能笑到最后,40.5万,,2023/3/7,西班牙陈挺,www.bilibili.com/video/BV1MX4y1Q751?from=search
广东人是因为太穷了，所以导致粤菜上不了国宴！,19.5万,,2023/4/15,爆梗体坛,www.bilibili.com/video/BV1rs4y1P7Hs?from=search
无刺金汤东星斑！高颜值粤菜点心火力全开｜成都探店,73.8万,,2020/7/22,密子君,www.bilibili.com/video/BV1ia4y1a7P1?from=search
某点评排名第五的北京粤菜馆，生啫居然吃出了老北京炸酱面味——粤小馆,8.4万,,2023/8/9,特厨魏味-,www.bilibili.com/video/BV1Bj411z7LF?from=search
八大菜系，粤菜为王,3481,,2021/12/29,嗷嗷嗷的小西纸,www.bilibili.com/video/BV1Rq4y1m7iZ?from=search
吃货老外最爱的7个粤菜,48.0万,,2016/6/18,TrevorJames吃货老外,www.bilibili.com/video/BV19s411e7Nz?from=search
【广州十粤风光粤菜放题】288元 金鸽佛跳墙,8.8万,,2022/8/31,陈随便778,www.bilibili.com/video/BV1Ke4y1Y75T?from=search
【新穗港龙粤菜馆】这家正宗的粤菜馆，卖烧鹅相当实惠,29.6万,,2019/1/2,康康吃一口,www.bilibili.com/video/BV1rt411z7Fn?from=search
在广州唯一米其林二星吃饭！一盘菜就要118元，真的是粤菜最高水平吗？,13.6万,,2020/7/22,好滴多仔,www.bilibili.com/video/BV1HK411J7p2?from=search
中午去静安寺吃“食好点”粤菜点心,7.3万,,2021/1/24,丁子沪,www.bilibili.com/video/BV1Bh411y7mD?from=search
用粤菜&quot;豆豉蒸排骨&quot;PK西班牙徒弟的拿手好菜&quot;烤排骨&quot;，究竟谁能笑到最后,40.5万,,2023/3/7,西班牙陈挺,www.bilibili.com/video/BV1MX4y1Q751?from=search
广东人是因为太穷了，所以导致粤菜上不了国宴！,19.5万,,2023/4/15,爆梗体坛,www.bilibili.com/video/BV1rs4y1P7Hs?from=search
某点评排名第五的北京粤菜馆，生啫居然吃出了老北京炸酱面味——粤小馆,8.4万,,2023/8/9,特厨魏味-,www.bilibili.com/video/BV1Bj411z7LF?from=search
八大菜系，粤菜为王,3481,,2021/12/29,嗷嗷嗷的小西纸,www.bilibili.com/video/BV1Rq4y1m7iZ?from=search
吃货老外最爱的7个粤菜,48.0万,,2016/6/18,TrevorJames吃货老外,www.bilibili.com/video/BV19s411e7Nz?from=search
吃粤菜不得不提佛跳墙，就是量不够吃···,126.0万,,2022/12/12,玲子reiko-,www.bilibili.com/video/BV1fW4y1M7iR?from=search
粤点粤菜粤精彩，经典粤菜生炒骨，这个生炒骨手势如何？广州江燕南路原汁原味农家鸡,2557,,2022/5/10,Amy爱你的每一天,www.bilibili.com/video/BV1pY411c753?from=search
还原80年代经典粤菜！先腌再炸最后焖，明油亮芡看着就香~丨百花迎春鸡,29.1万,,2023/2/3,老饭骨,www.bilibili.com/video/BV1TT411X7J9?from=search
挂羊头卖狗肉？在粤菜馆点3瓶酒比整桌菜还贵！,54.8万,,2020/8/17,吃货请闭眼,www.bilibili.com/video/BV1c5411h7vf?from=search
粤菜 我认为是最好吃的菜系之一，养生又美味,2030,,2023/3/20,鹿然-,www.bilibili.com/video/BV12X4y1Z7st?from=search
从江边大排档到米其林，这家粤菜有多好吃？,1.8万,,2021/11/4,肥仔_旅游ing,www.bilibili.com/video/BV19u411o72K?from=search
八大菜系之粤菜,210,,2021/7/7,一无是处的狠人,www.bilibili.com/video/BV1RK4y1M74y?from=search
10分钟能做什么粤菜大餐？,422,,2021/7/16,赵胤胤YIN-YIN,www.bilibili.com/video/BV1gy4y1T7vr?from=search
粤菜，总是有着我一个江湖厨师觉得深不可测的经典！最后你们看懂了吗？,19.5万,,2023/1/5,涛哥教家常菜,www.bilibili.com/video/BV1e84y1e7Wg?from=search
淮扬菜和粤菜谁更甚一筹？,25.5万,,2022/2/12,叨叨傅吐槽秀,www.bilibili.com/video/BV1XR4y157iN?from=search
最好吃的乳鸽居然不在粤菜馆！？,2.7万,,2022/3/12,史丹利没吃饱,www.bilibili.com/video/BV14U4y1o7Ho?from=search
这家粤菜店，在我心目中还是有一席之地的,455,,2023/7/29,天才少年扬州神,www.bilibili.com/video/BV1LP41167pW?from=search
跟大师傅学做一道有名的特色粤菜 生炒鱼片！,14.6万,,2022/12/16,账号已注销,www.bilibili.com/video/BV1qA41197TM?from=search
这家粤菜馆子，怎么会和印象里差别这么大？|真探来了,41.5万,,2022/11/11,真探来了,www.bilibili.com/video/BV1S8411b7Mf?from=search
下班找个性价比高的粤菜馆干饭，喝口广东靓汤再吃口煲仔饭，生活安逸,1.2万,,2023/9/12,广东帅气男孩,www.bilibili.com/video/BV1zV411P7tX?from=search
盐焗鸡惊呆芬兰家人！碌鸭让他们彻底爱上粤菜！芬兰家人: 这是中国皇帝才能吃到的顶级美食吧？？！,142.9万,,2022/3/7,雨琪在芬兰,www.bilibili.com/video/BV1mi4y1k7ZC?from=search
米其林1星粤菜馆「紫金阁」天价炒河粉猜猜多少?,14.8万,,2022/9/3,JASON刘雨鑫,www.bilibili.com/video/BV1cD4y1z7aM?from=search
一个爱吃粤菜的混血小吃货,5.3万,,2023/8/19,两个中法混血儿的妈妈,www.bilibili.com/video/BV1X94y167pG?from=search
【品城记】连续7次获得米其林推荐的港式粤菜馆，招牌菜竟然是“担担面”？,8.0万,,2018/12/15,品城记Video,www.bilibili.com/video/BV1st411i7y3?from=search
这家的牌子有点儿多啊，好评如潮的粤菜馆炳胜品味今天来吃吃｜真探来了,50.2万,,2022/2/8,真探来了,www.bilibili.com/video/BV1M34y127oB?from=search
江西老表开粤菜馆，谁家往白切鸡里浇辣椒，吃个饭真的想报警。,15.8万,,2023/8/23,有糖娱乐,www.bilibili.com/video/BV1pp4y1n7Aq?from=search
八大菜系之粤菜,210,,2021/7/7,一无是处的狠人,www.bilibili.com/video/BV1RK4y1M74y?from=search
从江边大排档到米其林，这家粤菜有多好吃？,1.8万,,2021/11/4,肥仔_旅游ing,www.bilibili.com/video/BV19u411o72K?from=search
第一次吃粤菜,5383,,2023/7/24,一只糊弄猪,www.bilibili.com/video/BV1aP411r7Ms?from=search
结婚周年纪念日来吃一下潮上潮，这家是不是差不多北京粤菜价格天花板了…感觉不是特别值～,8406,,2023/9/10,瑭瑭的日记本,www.bilibili.com/video/BV1ck4y1P7rX?from=search
VLOG|吃垮广州快闪一天 狂吃甜品咖啡打卡8家店 粤菜吃太饱了！也太开心啦！！！美食日记探店日常,16.7万,,2022/1/21,我是一颗梨,www.bilibili.com/video/BV1ZS4y1d7WZ?from=search
高端粤菜再加价，凭啥？,324,,2023/2/22,poppinmanlx,www.bilibili.com/video/BV1cR4y1B7eH?from=search
舌尖上的粤菜,163,,2019/3/22,想当村花的小何师傅,www.bilibili.com/video/BV1Lb41177Xy?from=search
这间口碑爆棚的粤菜小馆，每天只做三桌，让你享受30秒极致美味,4.6万,,2017/8/17,一念翡翠,www.bilibili.com/video/BV1xx411J7nP?from=search
粤菜，总是有着我一个江湖厨师觉得深不可测的经典！最后你们看懂了吗？,19.5万,,2023/1/5,涛哥教家常菜,www.bilibili.com/video/BV1e84y1e7Wg?from=search
纽约探店一日游！据说这是纽约粤菜天花板？？,78.2万,,2022/10/30,拿拿nah,www.bilibili.com/video/BV1ye411G7Zn?from=search
江西老表开粤菜馆，谁家往白切鸡里浇辣椒，吃个饭真的想报警。,15.8万,,2023/8/23,有糖娱乐,www.bilibili.com/video/BV1pp4y1n7Aq?from=search
【粤菜】粤菜,102,,2021/9/22,粤菜介绍,www.bilibili.com/video/BV19L411W7QK?from=search
舌尖上的粤菜,163,,2019/3/22,想当村花的小何师傅,www.bilibili.com/video/BV1Lb41177Xy?from=search
来晓粤 品惹味粤菜,139,,2023/3/3,MrWongwong,www.bilibili.com/video/BV1uY411678Q?from=search
粤菜大曝光,210,,2023/7/18,中山有食神,www.bilibili.com/video/BV1oV411N7uP?from=search
纽约探店一日游！据说这是纽约粤菜天花板？？,78.2万,,2022/10/30,拿拿nah,www.bilibili.com/video/BV1ye411G7Zn?from=search
《老广味道———粤菜经典，桌饭》,22.8万,,2023/4/3,Vandoorking,www.bilibili.com/video/BV1UV4y1Q7RA?from=search
隋卞一探 |利苑酒家几十年，听说出来的名厨占据了粤菜江湖的半壁江山！所以才叫粤菜黄埔！,84.5万,,2023/2/10,特厨隋卞,www.bilibili.com/video/BV1Kv4y1473R?from=search
各种粤菜在这里真是层出不穷,17,,2022/12/1,青岛生活大全,www.bilibili.com/video/BV1oe411P7FN?from=search
据说是成都最好吃的粤菜？,1.2万,,2021/10/9,猪蛋达,www.bilibili.com/video/BV1vh411H7rS?from=search
东北人做粤菜能做特一级？,7.0万,,2023/8/15,漫剪酷酷,www.bilibili.com/video/BV1hj411B7gN?from=search
粤菜-掌上明珠,62,,2021/8/18,社会研学社,www.bilibili.com/video/BV1ZP4y1H7jb?from=search
粤菜,112,,2021/2/6,发发就发发了咯,www.bilibili.com/video/BV1py4y1Y74p?from=search
粤菜系列,31,,2020/12/31,美食链记录,www.bilibili.com/video/BV1Wv411t7ih?from=search
快乐粤菜！,60,,2023/6/26,李华28,www.bilibili.com/video/BV1KN411D7a4?from=search
简单粤菜,25,,2021/1/24,萝but日常,www.bilibili.com/video/BV1uA411p7Ux?from=search
粤菜,94,,2023/2/27,岚风sunny,www.bilibili.com/video/BV19s4y1j7rw?from=search
川菜和粤菜,37,,2022/9/4,肉贝666666,www.bilibili.com/video/BV13d4y1V72s?from=search
粤菜yyds！,6080,,2022/10/21,是陈姮睿,www.bilibili.com/video/BV1nR4y197ep?from=search
德国耙耳朵准备的美食惊喜！川菜粤菜吃个遍！东北菜太豪横！,50.1万,,2023/5/10,德国陶渊明,www.bilibili.com/video/BV1ao4y1c7wN?from=search
粤菜精华,2,,2023/6/25,沉寂的小鱼,www.bilibili.com/video/BV1XW4y1D72b?from=search
粤菜3,15,,2020/10/3,只喜欢栖柚,www.bilibili.com/video/BV1sp4y1Y7aR?from=search
粤菜001,43,,2022/5/12,维安姚明,www.bilibili.com/video/BV1av4y1P7Xc?from=search
粤菜9,2,,2021/2/2,啊美亚,www.bilibili.com/video/BV1Ry4y117Gn?from=search
美味的粤菜,1,,2022/11/21,薛大头又想买东西,www.bilibili.com/video/BV1PW4y1W7Xu?from=search
粤菜天花板,2,,2022/8/25,账号已注销,www.bilibili.com/video/BV18g411D7Vq?from=search
粤菜的“真谛”,2.4万,,2021/8/26,姚大大秋,www.bilibili.com/video/BV1cy4y1G7Bm?from=search
高颜值粤菜,246,,2020/7/24,我每天都在看别人吃吃,www.bilibili.com/video/BV1jV411r71m?from=search
家常粤菜,31,,2023/4/17,芝士糖果,www.bilibili.com/video/BV1SP411U7Ci?from=search
粤菜,28,,2020/10/1,applecry,www.bilibili.com/video/BV1Xt4y1q7nL?from=search
精致粤菜,14,,2022/5/17,陈猫猫cfycfy,www.bilibili.com/video/BV16Y4y1z7vW?from=search
粤菜打卡,2,,2022/10/27,Vouse_aime,www.bilibili.com/video/BV1VV4y1G7Fm?from=search
粤菜。,107,,2020/10/1,applecry,www.bilibili.com/video/BV1Az4y1f7E7?from=search
粤菜,2,,2022/9/28,丢丢不是一丢丢,www.bilibili.com/video/BV12g411e7xm?from=search
粤菜时间到！,61,,2022/3/29,迪士尼在逃老豆,www.bilibili.com/video/BV13r4y1s7si?from=search
粤菜，,0,,2023/4/3,重新来证明咯,www.bilibili.com/video/BV1K84y1u7qh?from=search
高级粤菜,23,,2022/1/5,惊喜无限量,www.bilibili.com/video/BV1qR4y1u79c?from=search
日料店：我们其实是粤菜！,7.1万,,2023/8/24,一領淡鵝黃,www.bilibili.com/video/BV1dh4y1K7KN?from=search
烧鹅不愧是经典粤菜，一切开就是一肚水，比水龙头都给力！,8.2万,,2021/9/17,美食栏目,www.bilibili.com/video/BV1Pv411A7d7?from=search
鸽吞翅，怀旧粤菜。  ,10.7万,,2020/12/4,熊抹了,www.bilibili.com/video/BV1JZ4y1g7W9?from=search
二刷城中村私房菜，再次感受传统粤菜的魅力【肉老师探店】,6.3万,,2021/1/16,热心市民肉老师,www.bilibili.com/video/BV1oU4y1x7sh?from=search
广州粤菜老字号成都分老，烧鹅咕咾肉啥的来了,2.6万,,2023/3/29,挑食的_Jim,www.bilibili.com/video/BV1ws4y1n7Wx?from=search
粤菜馆～,28,,2021/5/20,佛㰊,www.bilibili.com/video/BV1W64y1y725?from=search
西安｜好评超多的平价粤菜小店～性价比真的可以！路口臭豆腐也超好吃啊啊啊啊,3.2万,,2023/6/11,吨吨吨_,www.bilibili.com/video/BV1Uc411u7nv?from=search
粤菜价格,0,,2023/4/28,沉默光明,www.bilibili.com/video/BV1vM4y1873Q?from=search
在民国，粤菜为何被称为国菜？,1.9万,,2022/11/16,斜杠园长,www.bilibili.com/video/BV1XG4y1x7NX?from=search
粤菜10,139,,2021/2/10,只剩小乐乐,www.bilibili.com/video/BV1BV411i7w2?from=search
粤菜饭店厨师炒菜,309,,2023/7/2,燃代煮南陈宇聪,www.bilibili.com/video/BV1nV4y1a7ZC?from=search
地道的“广式小吃”，就是有点不正宗？？这里将一些粤菜进行了“魔改”……,13.0万,,2021/11/11,吃光吧金子,www.bilibili.com/video/BV1TF411Y7cb?from=search
佛跳墙它又来啦~ 这次是粤菜版的，文火慢熬72个小时，鲜美！,23.1万,,2021/5/26,主厨农国栋,www.bilibili.com/video/BV1SA411g7Pq?from=search
【大师的菜·飘香茄排】川菜碰撞粤菜，双重美味，跟着大厨学做这道飘香茄排！,8.7万,,2020/1/7,大师的菜,www.bilibili.com/video/BV15J41157vW?from=search
重庆人气很旺的一家平价粤菜，感觉每道菜都是拿的出手的那种！吃过好几次了再来推荐给大家！,1.3万,,2023/2/12,小杨食游记,www.bilibili.com/video/BV13T411Q76G?from=search
【餐厅周赢家版】滨江最佳粤菜馆,3.0万,,2021/4/15,常戴夫,www.bilibili.com/video/BV1654y1b7fV?from=search
【粤菜专题】每到饭点食客便蜂拥而至，真的来晚一点都要排队,2.2万,,2023/3/7,大兵探店,www.bilibili.com/video/BV1524y147ok?from=search
粤点粤菜粤精彩，教你做黄埔蛋，广州华府私厨，粤语中字幕,2256,,2022/8/4,Amy爱你的每一天,www.bilibili.com/video/BV1Xe4y1D7c5?from=search
【品城记】希尔顿酒店行政总厨教你做一道经典粤菜：沙姜焗乳鸽,11.1万,,2021/6/18,品城记本地版,www.bilibili.com/video/BV1qg411g7Ej?from=search
广式羊肉煲，粤菜特色招牌菜，不腥不柴，肥而不腻，五分钟学会,6476,,2023/7/14,五味家常菜,www.bilibili.com/video/BV1im4y1j7LV?from=search
难以置信的实惠，广州热门榜第一的32年老字号粤菜，餐厅人山人海,2.3万,,2022/11/13,大兵探店,www.bilibili.com/video/BV1414y1W7Dd?from=search
香港 粤菜【最重镬气】炒出来的碟碟色香味 真系正！,5358,,2023/7/30,ASIAPALY,www.bilibili.com/video/BV1Bp4y1G7re?from=search
7080年代粤菜中的顶级富贵菜，玉簪虾球，现在在家就能做！,8.0万,,2023/6/22,厨师徐嘉乐,www.bilibili.com/video/BV1Bu411h7PX?from=search
郑州最好吃的粤菜，30年老店不踩雷，烧鹅卤水鸭头很好吃，味道好性价比高，顺便品尝陈厚18年酒,1.2万,,2023/3/24,阿彻在路上,www.bilibili.com/video/BV1Ao4y1x7MV?from=search
【粤菜】芙蓉蒸鱼片，又叫一帆风顺，营养美味超嫩滑，小朋友超钟意,4.2万,,2022/9/24,顾志的食养日记,www.bilibili.com/video/BV1ae411K7p8?from=search
粤菜之-主食,29,,2021/12/30,TE茶小君,www.bilibili.com/video/BV1XD4y1c7Gj?from=search
广东粤菜 这样做 一个人一盘不够吃 营养美味 好吃不贵,1437,,2022/6/27,秒飞美食屋,www.bilibili.com/video/BV1BY411N7uj?from=search
柱侯焖牛腩，粤菜经典，浓汁送饭一流。,5.4万,,2023/3/6,阿mo露两手,www.bilibili.com/video/BV1aY4y1C7KB?from=search
粤菜大厨教你“啤酒鸭”正宗的做法，吃一口回味无穷，你不学吗？,14.5万,,2019/3/27,打靶鬼vIog,www.bilibili.com/video/BV1Db411s7pK?from=search
粤式家常菜【姜葱炒鸡】简简单单有鸡味  抖音美食创作人  家常菜  粤菜,2200,,2022/2/14,我不懂你吗怕怕,www.bilibili.com/video/BV1s34y1C7K8?from=search
真心推荐的一家粤菜，都算是老店了！想吃咩，由你话事！又有新菜推出，我来去试菜！,1.8万,,2023/3/28,李春华不是朱智琪,www.bilibili.com/video/BV1k24y177mb?from=search
食材好才能做出好的菜肴！朗友记-众多老广喜爱的粤菜店！,1526,,2022/6/13,逃醉的大叔,www.bilibili.com/video/BV1Ra411L7NT?from=search
杭州西湖边开了10多年的粤菜馆！79一份的蚝仔烙全是海鲜，一口下去超满足！,8.8万,,2021/3/18,章余飞不是章鱼飞,www.bilibili.com/video/BV1Rh411Q7Qa?from=search
天啊118竟有5道菜，这老牌街坊粤菜来晚点多没有位置,2.9万,,2023/4/13,大兵探店,www.bilibili.com/video/BV1kX4y1r7ya?from=search
老广都爱吃的粤菜馆，随便一家都是饭堂！,6306,,2022/7/7,广州玩乐小分队,www.bilibili.com/video/BV1rf4y1Z7bz?from=search
粤点粤菜粤精彩，粤菜酒楼如何腌牛肉，粤语中字幕,1.3万,,2022/7/30,Amy爱你的每一天,www.bilibili.com/video/BV13a411T79p?from=search
【粤菜】广东有什么冷门菜系？粤西的各种美食了解一下！,6567,,2021/11/29,粤菜介绍,www.bilibili.com/video/BV1i34y1R7aZ?from=search
粤菜1,141,,2021/2/10,只剩小乐乐,www.bilibili.com/video/BV1dr4y1P7Bh?from=search
【苏州探店】改善伙食向！粤菜探店初体验——“悦私房菜”探店！,4056,,2023/9/14,姑苏佳颖,www.bilibili.com/video/BV14p4y1A7YU?from=search
招牌蛋挞和炸蛋散没想到出品挺可以！广州八十五年老牌粤菜酒楼，重开后出品超出期待,7.0万,,2023/5/14,毛毛美食指南,www.bilibili.com/video/BV14h4y187Ee?from=search
香港街头800元一只的烧鹅#烧鹅 #妈呀太香了 #广式烧腊 #粤菜,9296,,2023/8/28,世界美食m,www.bilibili.com/video/BV1kF411r7z4?from=search
粤菜高端菜,240,,2023/8/10,bili_58334684276,www.bilibili.com/video/BV1Fh4y1c7kc?from=search
大网红反复推荐的，隐藏在菜市场里的良心粤菜真的好吃吗？,1.7万,,2023/1/10,生猛鱼片粥,www.bilibili.com/video/BV1P3411U73U?from=search
粤菜经典“香酥南乳五花肉”！外酥里嫩，配上酸菜，那叫一个绝,5.5万,,2023/1/12,补王张小厨,www.bilibili.com/video/BV1YM411h7a1?from=search
足不出“沪”，就吃得到的广州米其林粤菜，但有一个缺点。。。,2454,,2023/8/25,魔都大喵,www.bilibili.com/video/BV178411X73h?from=search
粤菜里几乎最简单的蒸肉饼，我可以炫两碗饭,3.3万,,2022/6/6,唐师傅炒菜爱放糖,www.bilibili.com/video/BV1734y1j7CX?from=search
坦子的深圳美食游记之【粤菜饕客】,6.9万,,2021/7/11,主厨广坦,www.bilibili.com/video/BV1tX4y1w7Jh?from=search
只有99块也可以吃10个粤菜,5,,2022/9/12,荔浦芋头p11,www.bilibili.com/video/BV11D4y1q71c?from=search
粤点粤菜粤精彩，南海黄岐必吃大排档，广宁人家，粤语中字幕,2832,,2022/3/7,Amy爱你的每一天,www.bilibili.com/video/BV12Y411g7XQ?from=search
开了几十年的粤菜餐馆！脆皮猪手超级酥脆！,7145,,2023/4/4,明明闲不住,www.bilibili.com/video/BV1w24y157uz?from=search
青岛新晋粤菜馆，广东师傅亲自操刀,5197,,2023/7/25,索菲娅Sophiasfood,www.bilibili.com/video/BV1c94y1i7XF?from=search
喷香热腾煲仔饭！粤菜苍蝇馆回头客｜成都美味探店,56.0万,,2021/4/12,密子君,www.bilibili.com/video/BV1LX4y1378Y?from=search
八大菜系——粤菜，一大早来上一桌一边吃一边看风景真是太舒服了,4501,,2023/8/7,ABD食话实说,www.bilibili.com/video/BV1Du411J7ri?from=search
日本人均800元的米其林粤菜都能吃点啥？,4.8万,,2020/9/25,哎呀陈哥,www.bilibili.com/video/BV17f4y1D7Mx?from=search
粤语哥假期阿姨们来吃饭，做点经典粤菜，玫瑰豉油鸡|奶油大虾|排骨海带汤|芹菜鱿鱼|豆豉鲮鱼香麦|榄角蒸鲈鱼,6.8万,,2021/10/2,小喵粑粑,www.bilibili.com/video/BV1of4y1F7e3?from=search
广州探店｜常来大牌档 米其林必比登推荐 连锁店粤菜好吃吗？米其林懂粤菜吗？【J仔探店】,1716,,2021/11/18,我叫J仔,www.bilibili.com/video/BV1Hg411T7ys?from=search
广东人最最最家常的家常菜，蒸出来不会水汪汪才叫完美?粤菜经典：铜盘蒸鸡?,7.0万,,2021/3/19,乌乌有煮意,www.bilibili.com/video/BV1Tp4y1a7Gh?from=search
粤点粤菜粤精彩，广东点心老师傅手把手教你做最传统的广式马蹄糕，粤语中字幕,5.7万,,2022/12/25,Amy爱你的每一天,www.bilibili.com/video/BV1hR4y1S7zS?from=search
杭州西湖旁开了15年的粤菜馆，25元3只的虾饺皇也太好吃了吧，乳鸽、凤爪、干炒牛河也超好吃！,5.4万,,2020/7/29,章余飞不是章鱼飞,www.bilibili.com/video/BV1z54y1v7Vm?from=search
用英语介绍中国八大菜系—粤菜和苏菜，美食英语作文,3.5万,,2023/7/26,每日英文语录,www.bilibili.com/video/BV1Sj411X7b7?from=search
广府饮食文化1.2 粤菜,2529,,2021/10/7,广府文化之窗,www.bilibili.com/video/BV1a341117P9?from=search
挑战！只用50元在CBD吃一顿新式粤菜,3.6万,,2023/7/13,广发银行信用卡中心,www.bilibili.com/video/BV1qh4y1f7rW?from=search
工地摆摊卖盒饭256天，经典粤菜沙姜焗鸡和腐竹青椒炒肉，太下饭了，神仙般的味道！,11.8万,,2022/11/21,晚霖妈妈,www.bilibili.com/video/BV1g3411f7TH?from=search
【粤菜探店】由台山人认证的东兴黄鳝饭，在广州火了30多年,2.8万,,2023/2/28,大兵探店,www.bilibili.com/video/BV1NA411y7pt?from=search
八大菜系为首的粤菜打河基本功,1.6万,,2023/6/5,广东仔一鸡昌,www.bilibili.com/video/BV1B8411o7hw?from=search
产品线超长的粤菜馆，打边炉，点心炒菜应有尽有,1.9万,,2022/9/23,九爷的避坑指南,www.bilibili.com/video/BV1rd4y1B7tj?from=search
中国八大菜系介绍——粤菜,3461,,2021/9/20,出窑万彩official,www.bilibili.com/video/BV1zA411F7eA?from=search
日常粤菜,93,,2020/9/9,小小吃货小牛丸,www.bilibili.com/video/BV1xy4y1y7nb?from=search
【粤菜】880一位的粤菜（下），你们细细地品一下,2592,,2021/10/4,粤菜介绍,www.bilibili.com/video/BV1Cb4y1a74u?from=search
日本媳妇第一次吃粤菜，被感动哭了？！“太太好吃了”,24.4万,,2023/3/11,日本媳妇在山东农村,www.bilibili.com/video/BV1r24y147W3?from=search
【粤菜】教你做二十道广东人都爱吃的家常菜-今天给大家带来的是鱼塘公爬天梯,1.2万,,2021/11/27,粤菜介绍,www.bilibili.com/video/BV1ZY411W7e2?from=search
手工精緻的順德私房菜|深厚功力的粵菜大廚|灣仔區的名人飯堂 ｜蔡瀾花花世界,4.4万,,2022/6/19,岭南brothers,www.bilibili.com/video/BV19S4y1e7c4?from=search
八大菜系——粤菜，这次随机开盲盒让店家上特色粤菜，你们瞧瞧这都正不正宗,5663,,2023/8/9,ABD食话实说,www.bilibili.com/video/BV19P411x71p?from=search
粤菜小吃豉油皇炒面，干身香口简单正宗。,1.3万,,2023/4/21,阿mo露两手,www.bilibili.com/video/BV19P411m742?from=search
佛山80年粤菜老字号的传统美食，现在不多见啦！,1.6万,,2022/8/14,佛山面条哥,www.bilibili.com/video/BV1gV4y147Sf?from=search
人生建议：吃完这桌粤菜大排档再离开广州！,4360,,2023/6/27,_贰捌_,www.bilibili.com/video/BV1jh4y1M7wj?from=search
【食酒vlog】藏在广东城中村的小餐厅，靠古法粤菜成为了亚洲之粹（壹零贰小馆）,10.0万,,2022/6/18,食酒旅,www.bilibili.com/video/BV1pv4y1g731?from=search
世界最佳50餐厅揭晓，亲民粤菜馆名列前茅,8151,,2021/10/8,成员外,www.bilibili.com/video/BV1jq4y1d7GR?from=search
毫无保留！！！粤菜老师傅展示豉汁蒸凤爪，星级酒店的做法,3.6万,,2022/4/12,唐师傅炒菜爱放糖,www.bilibili.com/video/BV1ca411q7Du?from=search
上海私密的高端粤菜馆究竟怎么样？,4.0万,,2021/4/2,常戴夫,www.bilibili.com/video/BV1cv411h7p1?from=search
九大菜系里面能把羊肉发挥到极致的，那肯定是粤菜和蒙餐了,6671,,2023/4/16,广东仔一鸡昌,www.bilibili.com/video/BV19v4y1J7g1?from=search
今天开了一个多小时，到花都的朗头村，找了个隐秘的粤菜农庄，吃上头又过瘾的臭屁醋。,6.2万,,2023/3/11,NAV看广州B站版,www.bilibili.com/video/BV1VM411x7TL?from=search
粤点粤菜粤精彩，茂名水东沐足奇遇，超短裙技师和陕西技师,4.0万,,2022/11/18,Amy爱你的每一天,www.bilibili.com/video/BV1iG4y1x7WJ?from=search
顶级粤菜。,35,,2020/8/13,账号已注销,www.bilibili.com/video/BV1ov411v7vP?from=search
粤菜2,110,,2020/10/1,applecry,www.bilibili.com/video/BV1NV41127aC?from=search
卡路里爆表的一餐！ 最近火到北京粤菜热门榜第一的茶餐厅。试试看怎么样,6.3万,,2021/8/8,馋人老田,www.bilibili.com/video/BV153411z7so?from=search
排队排疯了！只有七张桌子的小餐馆，凭什么拿下帝都粤菜口味第一？,6.1万,,2020/5/14,逛吃青年牛百万,www.bilibili.com/video/BV1ue411W71W?from=search
试吃上海最好吃叉烧，1900/人的米其林一星粤菜，味道感人！,5.5万,,2020/10/16,中泽吃海鲜,www.bilibili.com/video/BV1pD4y1d7ep?from=search
在东湖路吃壹笼粤菜馆,2.7万,,2022/2/21,丁子沪,www.bilibili.com/video/BV18S4y1F7VZ?from=search
教你做粤菜，40年油鸡老师傅，教你做家庭版简易豉油鸡,4705,,2023/9/14,Amy爱你的每一天,www.bilibili.com/video/BV1C14y1r7ET?from=search
【粤菜探店】将食材做到极致，粤西白切骟鸡永远的“神”,3.2万,,2023/2/24,大兵探店,www.bilibili.com/video/BV12o4y1Y716?from=search
老字号粤菜，创发餐厅,725,,2022/10/27,Eason美食日记,www.bilibili.com/video/BV1ae4y1U7fC?from=search
粤菜菜系，很养生,49,,2021/12/29,惠花香也,www.bilibili.com/video/BV1Eq4y117H3?from=search
粤菜的一天,0,,2022/10/4,辅助svp,www.bilibili.com/video/BV1ZB4y1L7UD?from=search
在广州永远可以信任那些街坊吃了二十几年的粤菜排档，很多旧味藏在其中，比如今天的油纸包鸡，在广州已经非常少见了。,155.2万,,2023/4/6,NAV看广州B站版,www.bilibili.com/video/BV1Ns4y1K72Z?from=search
广州仅此一家的怪味大肠，味道果然不一般！海珠这家老牌粤菜物美价廉有两下子,7.8万,,2023/2/7,毛毛美食指南,www.bilibili.com/video/BV1sR4y1z71E?from=search
粤菜一餐,17,,2020/12/25,萝but日常,www.bilibili.com/video/BV1hf4y1e7Gq?from=search
天生吃货之不正宗粤菜【1080P】【668】,8993,,2016/2/22,小小小猫仔,www.bilibili.com/video/BV1ts41197XB?from=search
越秀淘金不错的粤菜小馆，招牌豉油鸡尤其正点皮滑肉香，168吃四菜两汤也不算贵,7.7万,,2022/3/22,毛毛美食指南,www.bilibili.com/video/BV14F411x7gH?from=search
粤菜9,139,,2021/2/10,只剩小乐乐,www.bilibili.com/video/BV1hV411i7k7?from=search
"韩国妈妈第一次吃粤菜,韩国高档中餐如何?白酒卖多钱?",8.7万,,2021/4/21,恩妈的生活记录,www.bilibili.com/video/BV1SK4y1o7HK?from=search
排队176分钟？！北京这家人气极高的粤菜小馆真的值得吗？,20.9万,,2021/5/30,吃光吧金子,www.bilibili.com/video/BV19N411Z7TF?from=search
大厨分享一道经典粤菜“腐竹焖鱼腩”，酱味浓郁，老少咸宜好下饭,26.6万,,2019/9/25,主厨农国栋,www.bilibili.com/video/BV1SJ411K7JG?from=search
粤菜真是吃一万遍都吃不腻的菜系！！！,94,,2023/4/6,吃两口小蛋糕,www.bilibili.com/video/BV1Ha4y1T7pr?from=search
不是正宗但是在广东吃的一道不正宗但是又是正宗店里吃到的粤菜,60,,2022/4/28,lobo122,www.bilibili.com/video/BV1P541127na?from=search
粤菜牛肉啫啫煲，这个时期一定要多吃牛肉粤菜牛肉啫啫煲。,1.5万,,2023/1/13,广东佬啊,www.bilibili.com/video/BV1Jd4y177F9?from=search
教你做粤菜，第一次吃比脸大的冬菇，家常焖冬菇，粤语,1361,,2023/9/19,Amy爱你的每一天,www.bilibili.com/video/BV1EF411S7ih?from=search
太二搞的粤菜，号称“鸡有鸡味” | 广州那未大叔是大厨【肉老师探店】,6.8万,,2022/7/30,热心市民肉老师,www.bilibili.com/video/BV1ba411T7nz?from=search
粤菜泰斗利永周，教你正到没朋友的豉油王！【玫瑰豉油鸡】,2.4万,,2021/6/21,厨邦大师开饭,www.bilibili.com/video/BV1C5411K7qM?from=search
一家粤菜馆承载着几代广州人的记忆，听朋友说很多老广无论多远都要来吃上一顿，在他们心中这就是地道广州味。,2.4万,,2023/5/18,NeiNei_旅行日记,www.bilibili.com/video/BV1mk4y1L7hg?from=search
粤菜粤语系列：火焰醉鹅的做法，学会先收藏,5.3万,,2023/3/15,游厨冯马迁,www.bilibili.com/video/BV1ET411k7wD?from=search
北京粉丝推荐：我家附近开了十几年的粤菜馆｜周边居民的小食堂,13.1万,,2022/4/13,馋人老田,www.bilibili.com/video/BV1xS4y1Y7FQ?from=search
在澳门过生日一天要吃多少钱|亚洲排名36餐厅|法式蛋糕|粤菜太好吃了 vlog,15.8万,,2022/10/19,我是一颗梨,www.bilibili.com/video/BV11R4y1X7WM?from=search
【粤菜】在北京，99元吃10个粤菜,125,,2021/10/4,粤菜介绍,www.bilibili.com/video/BV1jL4y167a9?from=search
粤菜来了,84,,2022/12/12,聂磊说吃,www.bilibili.com/video/BV1oR4y1C7Ar?from=search
【斑马看世界】带你品尝中国四大菜系之粤菜，直流口水好不好,606,,2022/9/19,斑马App,www.bilibili.com/video/BV1sW4y1q76W?from=search
徐静雨：国内菜系前五怎么排？川菜，粤菜，东北菜,1047,,2023/9/1,蜂蜜柚子小芒果,www.bilibili.com/video/BV1yP411Y7mA?from=search
广州巷子里的地道私房粤菜，每一口都是家的味道太下饭了～,4.7万,,2023/1/27,赤赤吃啥呢,www.bilibili.com/video/BV1Dy4y197aJ?from=search
广州行（下）丨粤菜吃腻了 来试试非洲料理,74.2万,,2018/6/24,中国BOY超级大猩猩,www.bilibili.com/video/BV1ns411L7uo?from=search
粤菜红葱头干焗翅根的做法，看着都香，配点小酒太解馋了,7.3万,,2020/5/8,我是马小坏,www.bilibili.com/video/BV1gt4y1179L?from=search
地道广州味，广州越秀41年街坊老牌粤菜，好吃便宜，食客爆满,2.9万,,2022/8/15,大兵探店,www.bilibili.com/video/BV1XT411A7B4?from=search
腊肠腊肉瑶柱煲仔饭？酸梅酱鸭腿？五郎第一次吃广东粤菜惊呆了！美食日剧《孤独的美食家》,21.1万,,2022/5/14,饿梦影视,www.bilibili.com/video/BV1gY411w7TP?from=search
#粤菜,6,,2022/1/7,chef阿英雄,www.bilibili.com/video/BV1YL411V7J9?from=search
名人坊的高级粤菜“凤翼酿燕窝”，重点及配方都在这，你学会了吗,28.6万,,2020/8/22,主厨农国栋,www.bilibili.com/video/BV1jA411n7uC?from=search
每一个怀旧粤菜背后都有一段故事，鲍汁虾子柚子皮，五柳炸蛋，爆浆黄沙润，猪油渣炒饭，咕噜肉，你喜欢哪个？,8.4万,,2023/4/24,小喵粑粑,www.bilibili.com/video/BV1m14y1f7be?from=search
[武汉]啫生肠脆弹，蒸排骨嫩滑，一家出品在平均水准之上的粤菜大排档,3.5万,,2022/8/15,路人飞毛腿,www.bilibili.com/video/BV1XW4y187wq?from=search
粤菜大厨教你广东名菜“沙姜猪手”！毫无保留，你不收藏起来？,3.1万,,2019/3/9,打靶鬼vIog,www.bilibili.com/video/BV1cb411i7nH?from=search
粤菜【干捞海皇粉丝煲】家常做法，这个阿婆主终于对粉丝“下手”了,1.5万,,2020/9/11,Cherie小食光,www.bilibili.com/video/BV1bA411E7DS?from=search
粤菜大厨教你做一道金汤银鳕鱼，营养丰富口感顺滑高格调，先收藏了,13.8万,,2019/7/5,主厨农国栋,www.bilibili.com/video/BV1b4411A7my?from=search
预算3000，四人打卡扬州粤菜，广州利苑厨师的手艺,3190,,2023/9/13,下馆子的王老板,www.bilibili.com/video/BV11z4y1j7sc?from=search
徐家汇粤菜热门第一？又是一家营销出来的餐厅…上海蘩楼探店,1.9万,,2021/11/19,阿牙子带你吃,www.bilibili.com/video/BV1FF411h7Sx?from=search
补肺益气的药膳水晶鸡? 要香、要嫩滑、还要药用价值?蒸鸡技巧和药材选料缺一不可哦✔️ 粤菜经典水蒸鸡,6.7万,,2021/10/24,乌乌有煮意,www.bilibili.com/video/BV1TT4y1d78s?from=search
苏说文化八大菜系之中国粤菜（英文版）,1.8万,,2021/12/16,StormSue,www.bilibili.com/video/BV18M4y1c7zU?from=search
《粤菜师傅 粤味佛山》第一集-《肥美烧鹅》,1.0万,,2019/3/4,味道佛山,www.bilibili.com/video/BV1Gb411z7M2?from=search
粤点粤菜粤精彩，手把手教你做豉油皇乳鸽，粤语,3191,,2023/8/28,Amy爱你的每一天,www.bilibili.com/video/BV1Qu4y1D79s?from=search
粤菜大厨分享“XO酱”做法，有配方，有教程，讲解详细步骤清晰,24.7万,,2019/6/30,主厨农国栋,www.bilibili.com/video/BV1Gx411R72D?from=search
永远可以相信粤菜！生腌鱼虾、菠萝包、烧味…人均500值得吗？|鸣真探店,3.2万,,2021/12/15,中华小鸣仔,www.bilibili.com/video/BV1Fb4y1q7e1?from=search
我爱粤菜⚡⚡,1353,,2022/12/3,某天国的道人,www.bilibili.com/video/BV15G4y1R7JR?from=search
老北京儿粤菜北吃，地道！,5.4万,,2019/9/25,周口店研究员,www.bilibili.com/video/BV17J411u7iz?from=search
珠江新城火爆的上班族饭堂，广州最实惠粤菜大排档，人均40吃到撑,1.4万,,2022/8/26,大兵探店,www.bilibili.com/video/BV1b14y1x7LB?from=search
在天河CBD算得上“平靓正”的二十年粤菜，还藏着一些像青瓜豉油肠这种宝藏单品。有不少分店，多年亲测～出品最稳定的还是高德春广场这家。,12.0万,,2023/4/19,NAV看广州B站版,www.bilibili.com/video/BV1ac411H73q?from=search
粤菜8,135,,2021/2/10,只剩小乐乐,www.bilibili.com/video/BV1SV411i7aw?from=search
东北人做粤菜———掌握一技之长,6500,,2020/1/23,行风如水果,www.bilibili.com/video/BV1x7411a7ss?from=search
藏身小区的地道老广饭堂，五味鹅出品相当不错，值得一试的特色粤菜馆子。,7.9万,,2022/12/1,NAV看广州B站版,www.bilibili.com/video/BV17G411u7tm?from=search
广东粤菜酸梅鸭，鸭肉香嫩爽滑。,2.7万,,2023/1/9,广东佬啊,www.bilibili.com/video/BV1Ee4y1G7zA?from=search
自我标榜米其林一星的粤菜馆，出品一般我都算了，几乎每道菜的菜碟都是破的是怎么回事？,8.1万,,2022/2/15,毛毛美食指南,www.bilibili.com/video/BV1s341177au?from=search
探店无锡稻香粤菜点心自助，晚八点客满，78元吃50种点心，满足！,1.2万,,2022/12/18,在路上的日常,www.bilibili.com/video/BV19e4y1K71n?from=search
粤菜1,27,,2020/5/27,小礼赞丫,www.bilibili.com/video/BV1WC4y1p7SE?from=search
番禺两人吃顿粤菜感觉如何,932,,2023/9/19,高老坛子9,www.bilibili.com/video/BV1GK4y1w7cs?from=search
寻找美味的一天~ 这个粤菜茶餐厅就不错，处理得当味道够正,6.6万,,2023/5/6,主厨农国栋,www.bilibili.com/video/BV1iM4y1b7T4?from=search
粤菜大厨分享饭店“猪肚鸡”的正宗做法，汤色奶白，你不学吗？,10.2万,,2019/3/28,打靶鬼vIog,www.bilibili.com/video/BV14b411x7nH?from=search
粤菜陈皮蒜香排骨，年夜菜的第二道菜来啦！澳门厨房佬教会你过年又可以回家露一手了！,16.2万,,2022/1/2,澳门厨房佬,www.bilibili.com/video/BV1A34y167ch?from=search
焦亮为您烹饪美味粤菜【砂锅焗黄鱼】,1.6万,,2021/12/21,有滋有魏,www.bilibili.com/video/BV1ZQ4y1a7tt?from=search
我们粤菜厨师受过专业训练，一般情况下都是很低调的，除非忍不住,1.0万,,2023/8/20,广东仔一鸡昌,www.bilibili.com/video/BV1qG411f7dJ?from=search
探店广州回民饭店，一个让你可以吃到清真早茶粤菜的国营饭店,8417,,2021/4/12,海记私房菜,www.bilibili.com/video/BV1nK4y1K7S2?from=search
经典古法粤菜，江南百花鸡。,1.4万,,2023/6/29,阿mo露两手,www.bilibili.com/video/BV1W14y1m7Qg?from=search
粤点粤菜粤精彩，广东茂名电白，生意最好的烧鸡档，即㓥即腌即烧，何寿烧鸡，粤语中字幕,8428,,2023/3/1,Amy爱你的每一天,www.bilibili.com/video/BV16s4y1o7Sr?from=search
花都性价比很高的街坊粤菜，久违的经典咸蛋黄叉烧靓到爆，其他菜式也颇有水准,6.7万,,2022/4/22,毛毛美食指南,www.bilibili.com/video/BV1x44y1g7sy?from=search
魔都私房粤菜馆——百福私宴,3.0万,,2021/4/21,常戴夫,www.bilibili.com/video/BV1Ci4y1A7AR?from=search
粤菜文化,122,,2021/11/6,繁星fxdd,www.bilibili.com/video/BV1n44y1e7F2?from=search
一家功底非常扎实的中华意境菜，以粤菜为基础，融合了各地的时令食材，形成了一些广州不常见的菜式。非常值得试试。,4.2万,,2023/4/17,NAV看广州B站版,www.bilibili.com/video/BV1Ka4y1K76d?from=search
粤菜大厨摆摊卖牛杂，最低15元一碗，配上浓郁酱料让你吃到正宗的西关风味,10.6万,,2021/7/19,阿权视品,www.bilibili.com/video/BV1WP4y147B4?from=search
粤菜蒜香椒盐骨的做法，外酥里嫩，比在饭店吃的还香,6.4万,,2020/8/5,美食一线陈仔,www.bilibili.com/video/BV11Z4y1T7qW?from=search
以鸡为凤|啫啫啫，在粤菜当中就代表生猛,3.1万,,2022/5/27,14699tnll,www.bilibili.com/video/BV19F411V7hi?from=search
广府粤菜,64,,2022/1/21,浪荡者x,www.bilibili.com/video/BV1QL4y147wh?from=search
深圳好吃的粤菜小馆,1290,,2023/8/6,凯食记,www.bilibili.com/video/BV11u411J7pW?from=search
我说盐焗鸡可以代表粤菜，在座的各位谁赞同谁反对,2.6万,,2022/5/27,唐师傅炒菜爱放糖,www.bilibili.com/video/BV1Yg411o7yb?from=search
兼具环境和出品的粤菜茶楼，手工点心味道有些惊艳，假期喝早茶还算不错的新选择,6.1万,,2022/4/29,毛毛美食指南,www.bilibili.com/video/BV1CS4y1c7zc?from=search
最近研究了一个新菜，用粤菜的方式并大胆创新，最后成品出奇的好，有条件的可以在家尝试一下,13.2万,,2023/9/1,大头烧菜,www.bilibili.com/video/BV1314y1y7z7?from=search
2020年底北京开出多家顺德菜啫啫煲，正在掀起新的粤菜潮流！,4.4万,,2021/3/30,无所尉吃什么,www.bilibili.com/video/BV1sy4y1t7NF?from=search
粤菜三大菜系，谁能代言大湾区五滋六味？,61,,2020/12/23,醒目视频,www.bilibili.com/video/BV1Za4y1J7pE?from=search
粤菜大厨示范斩鸡刀法,2.1万,,2020/3/9,阿大max,www.bilibili.com/video/BV1hE411M71A?from=search
粤菜北吃2.0,1.6万,,2019/9/29,周口店研究员,www.bilibili.com/video/BV1BE411R7Rs?from=search
喜欢吃粤菜的看过来,293,,2023/4/2,梦幻手杖胶带,www.bilibili.com/video/BV1pT411s7tg?from=search
粤菜3,5,,2020/5/27,小礼赞丫,www.bilibili.com/video/BV1M5411x7wD?from=search
堪比夜店的大排档&amp;一碗饭就上瘾的粤菜馆,313,,2023/9/19,时髦的吃货biubiu,www.bilibili.com/video/BV1fu411c7Ur?from=search
粤点粤菜粤精彩，营业时间内排队买烧鹅是常态，香港一乐烧鹅,3472,,2023/6/3,Amy爱你的每一天,www.bilibili.com/video/BV1ym4y147iL?from=search
四姐带女儿第一次吃粤菜，安吉看到都很新奇，这有啥特殊意义？,3.1万,,2023/8/7,在法国生活的四姐,www.bilibili.com/video/BV1qV4y1e7wk?from=search
粤菜10,6,,2021/2/2,啊美亚,www.bilibili.com/video/BV1MK4y1p7c8?from=search
粤菜真好吃,0,,2022/6/27,芝士糖果,www.bilibili.com/video/BV1vr4y1g7N1?from=search
粤菜3,105,,2021/3/28,你发哥呀3,www.bilibili.com/video/BV1YA411N7kA?from=search
粤菜大厨教你油麦菜最好吃的做法，“豆豉鲮鱼炒”广东人都知道！,6.7万,,2019/3/7,打靶鬼vIog,www.bilibili.com/video/BV11b411q7gi?from=search
现在还有多少广东人吃粤菜，还能吃出回忆？唉，一个多星期没更新了，就是因为这条片弄了我五天时间，13分钟的片，竟然导不出4K，真郁闷啊！,4.7万,,2022/8/9,李春华不是朱智琪,www.bilibili.com/video/BV14d4y1m7Zi?from=search
